item_id,item_idx
B001ELJE9W,580
B0009X6QJM,313
B003DNSR4M,1071
B003DKJAZA,1070
B00O2GW3EO,1895
B019WRM1IA,2111
B08DHTZNNF,2748
B0C3MZ128V,2977
B0BL3CW73P,2935
B07SBX48TY,2596
B08N7Q1J4W,2786
B07XTXXQ5K,2668
B08GS7MG3W,2759
B08CW2M37L,2744
B001ELJDYS,566
B005UUOAOM,1378
B00CD3V9CU,1626
B09JT1ZKC3,2861
B07FLTG5LK,2481
B087NMZMQ7,2720
B004C43FH0,1189
B004AYCNQG,1186
B001FRTK4O,786
B0045EPEAI,1174
B0055VHUAM,1337
B072V478NR,2344
B0BVVTQ5JP,2958
B00BZS9JV2,1618
B006VR689I,1417
B00IRHE892,1774
B0BKSLJMS7,2934
B07NVYR56H,2560
B08TG138F1,2801
B0C3KYVDWT,2976
B07G3KB7RT,2484
B07L73KHYH,2527
B07V5CFMY4,2617
B07T5QKKVP,2608
B075KJCML4,2376
B01MDQP1ZU,2224
B07HHVF2XG,2502
B0BLTV2BKZ,2939
B07D36WX84,2446
B0771ZXXV6,2392
B08N7PX4WX,2785
B0BWXXWVV6,2960
B094YHB1QK,2825
B00J5C3Z10,1782
B004RMK4BC,1253
B0086VPUHI,1482
B007KLQFYC,1450
B00CJ9OTNE,1633
B0050FDDPE,1278
B0080CAOYM,1474
B07YBXJ5FK,2687
B07X56RNBY,2654
B008CZN458,1505
B07YBXFF5C,2685
B07YBWT3PK,2672
B00BHRD4BM,1600
B07NPZZSRC,2549
B00Z9TM72Q,2010
B073RTKFY4,2349
B00Z9TIM3Y,1997
B081SL51F6,2700
B07624RBWB,2383
B004RMK5QG,1255
B07L6MJ6LD,2526
B000N5Z2L4,404
B01N3ASPNV,2242
B087NNPYP3,2722
B00DBDPOZ4,1656
B07T85XHX6,2609
B07F1HTGV1,2475
B07TCPVHTM,2610
B073K6WMJ9,2348
B07V2BBMK4,2614
B08588JHQH,2711
B09TV7294P,2891
B09GM4283G,2852
B0053BCP40,1331
B00MUMVV3G,1874
B00PQ1OQ4Y,1918
B00KWIYPZG,1833
B00KO4ULZ6,1810
B00KGW52DM,1802
B07BW77M9V,2422
B00KWFCUNS,1831
B07CB12726,2432
B00RZ7TC6Y,1933
B00L3LQ1FI,1842
B00BWBTJ4Y,1617
B002BRZ7JE,902
B016PWS77E,2082
B00SNS7TZA,1940
B00Z9TKWQO,2005
B07SSZGYNR,2602
B07NQDVZP7,2552
B01BOFD6VO,2128
B017W175Y8,2096
B06ZYHGC9R,2282
B01CKGI0XA,2135
B08D3XL1KF,2745
B098815CMR,2828
B001EYUWYU,757
B00C9DL1HC,1624
B008UAGZL0,1524
B004AYCNSE,1188
B004AYCNRU,1187
B00EP2WNKY,1697
B00KRWTAR0,1816
B01GY3601E,2171
B07SNN8GV5,2599
B004R1QUIO,1251
B00D7B9M0I,1652
B00JL6N3EO,1787
B00NEU02JW,1881
B00YOGZFCO,1984
B01GH9MVWW,2150
B009VUHVPM,1556
B0039W7NKG,1057
B014GWNTCI,2059
B013OW1LCQ,2054
B013OW09WY,2053
B002BS4834,907
B00008H2IS,208
B0045L3SNQ,1175
B00000JRSB,20
B001EYUOCU,628
B09ZTV42CQ,2904
B001KYV9AK,830
B09MFFTCX8,2873
B08PFCDR3M,2794
B094WQR3H3,2824
B0C6Q5DW7M,2986
B0BG2DPCKM,2929
B0BDWVBWC9,2924
B0BWYZHH9D,2961
B0B43ZNG1V,2910
B0C7BN9G35,2988
B0BZVZVS72,2967
B0BC8J7Y3B,2922
B094B42RCJ,2822
B0BKQPPD4T,2933
B09ZQ4FG91,2903
B0C6L9RG7G,2985
B0BTX47X76,2956
B001EYUT6Q,715
B0015HYPOO,488
B003O6ED7S,1110
B00BGHUS58,1599
B00Z9TKRH8,2004
B00CMQTTZ2,1636
B0764PLDQV,2385
B07DKYN13M,2467
B00B9775W4,1584
B008B3QCJQ,1500
B007HUNYE0,1448
B0053BCML6,1329
B07NQV3X7K,2555
B0037Z0HEE,1051
B07XYPDH7T,2670
B005OGL766,1370
B07YBX5FVF,2674
B002JTX9US,1015
B001QCWS9M,846
B000R0SS3Y,428
B003NHRDPW,1101
B0041HROGG,1162
B003C1PV6M,1067
B007H2W2SC,1446
B006FTLEAK,1391
B00K0NV5J2,1793
B00B7UNO4Q,1583
B0883P3VSH,2732
B0136JPA56,2050
B07YBX4VQN,2673
B00YXO5UXG,1987
B01LPZM7VI,2206
B09BVZS8FZ,2838
B0BRR1CHDL,2951
B00DB2BI00,1654
B01BBKYM3I,2125
B0C1W4WV2B,2969
B07HYY6HNW,2507
B07HKX4ZV9,2503
B0C7DFZNTY,2989
B0BC8LWZ6J,2923
B0BKFJJ7FP,2932
B001EYUNVC,620
B002BS47L2,905
B001EYUXFS,763
B002JTX9XA,1016
B002JTX7PA,1006
B001EHD9N8,557
B001EYUO4S,626
B001EYUU2O,723
B001ELJDY8,565
B001EYUU3I,725
B001EYUU4C,727
B00005NN5A,134
B0007SL1ZI,298
B001DLVIFQ,519
B001EYUNK8,612
B001ELJPK0,599
B001EYUU38,724
B001EYUXZI,772
B07BY1MB34,2427
B07F83P199,2477
B0719KC7HN,2294
B07N5LL4YW,2540
B0BF9HZ7Z5,2927
B00HBUOVIO,1744
B002BSH3K4,915
B07X6KDQ98,2663
B07J34VHLT,2510
B008FPMBNG,1507
B082VX16VJ,2705
B08FC5TTBF,2755
B07543W7XS,2371
B0781VL8FW,2397
B09N77RFYL,2875
B0BYVN9ZK2,2965
B0C3QFBBH5,2978
B075S3WPCB,2379
B0C3BNJFBV,2973
B09NY6Z348,2878
B09G6G2DJ1,2850
B09M6V916D,2870
B0BX8VPN1L,2962
B08LT6PT1X,2773
B00DTWEOZ8,1676
B0076HD2W8,1429
B00009WAUD,226
B016XBGWAQ,2084
B08L6L6KQL,2771
B0BLFYF8K2,2938
B01GOK34SO,2153
B011JGTTJQ,2040
B07R7F4XDZ,2589
B00YQM1PNY,1986
B006P5RWCS,1406
B07P8S76BH,2573
B00O3JSRHW,1898
B009XGZTKI,1559
B07YBX6T95,2675
B00E369SDM,1684
B007W8S2MG,1467
B07R4C3X97,2583
B07YBXFDYN,2683
B00DDILSBG,1667
B01IC2A28C,2187
B07N9HYZYK,2543
B08MBKQWHB,2779
B00884S5N4,1487
B077GG9D5D,2394
B016Y3CTJQ,2085
B071CK7P1L,2296
B001G7PRM2,804
B072MQNKYV,2342
B077YDJYRY,2396
B08K39H8ST,2768
B01GY35YXO,2170
B087NN2K41,2721
B0BFT941YQ,2928
B07R4DMYZB,2585
B07R5CC51G,2586
B08BKCKQHT,2740
B07WLT1C27,2629
B07YBX7Y3P,2678
B07WSXXYDC,2638
B07SJ2P1XC,2597
B08DFB488B,2747
B01GY35HKE,2166
B0749TZ4BZ,2361
B07XC7XV6L,2664
B07K3KHFSY,2516
B007CSDEWO,1441
B001EHD96U,545
B001EYUWRC,751
B000P297JS,419
B07WS6ZFTG,2636
B071WNSD3Q,2312
B00DJRLAZ0,1670
B07X3ZWL7X,2651
B01BF9X6LO,2127
B01GKFPFZS,2152
B07BLRF329,2419
B07R9PBHP2,2591
B07WG487P9,2628
B091PJJG69,2819
B00I6E6SH6,1762
B00M796R1I,1861
B00ENRTB10,1696
B00YQ74LVM,1985
B00RZ7T8TK,1932
B09VYJWTDN,2897
B01GWHPDEW,2162
B01GW3H3U8,2158
B089QYP649,2737
B071WQ28YV,2313
B07213YKCX,2321
B06XX4D2KY,2274
B072C3VM5F,2333
B08VFQCWD9,2804
B07GRSVQ48,2492
B00Z8EBXSQ,1990
B07DML9W41,2469
B0BJ6XP2VW,2931
B0C81DPZ15,2990
B07R6NYNBJ,2588
B0BQMX92RN,2949
B00DDIRERI,1668
B00Z9TIB4Y,1995
B09C4DLF4P,2840
B09CG15F86,2844
B083GM38LQ,2707
B0B7BSBCSC,2915
B0C5K2TWD8,2981
B079Y44LDC,2412
B0B839Q9H1,2916
B09C4FG1N1,2842
B09XM8MMYD,2901
B0013RATNM,481
B001SEQWXQ,857
B005GISQX4,1359
B0053BCO00,1330
B0050SVNZ8,1289
B003O6E800,1108
B002I092MM,946
B07HYW4XMP,2506
B0099OUMAQ,1535
B004GGUAJU,1201
B07DPK5NPD,2470
B00DB2BI8M,1655
B00KIFM28A,1803
B00KTORA0K,1821
B07WZS4CTC,2644
B001EYUNYY,623
B000B9RI00,330
B002B1TDV8,899
B000EYF88G,346
B002JTX7JQ,1004
B003LJSJXW,1095
B004XV6ST4,1267
B003A0T6YS,1058
B00LV8HZH6,1851
B00K75GRQO,1798
B00L59D9HG,1846
B00NOD0OTW,1889
B00BGAA3S2,1598
B00G9X4YRM,1725
B00Z9TJHEC,2000
B01IANW08I,2186
B06Y2FNRQP,2276
B074HBNNH6,2363
B01MG8P418,2227
B00H90490Q,1743
B001ENPDJA,607
B07RBMZRP3,2593
B002FY0CM0,933
B00002SVO9,60
B00TEDK8FQ,1946
B00Z9TM1KY,2009
B017GY07L4,2090
B07NLRSN12,2546
B005FDUSTA,1350
B01GW3LRD2,2159
B09JDLC31H,2860
B071Y568B7,2317
B07NYFL6QD,2561
B002I0GF72,954
B07DKT3WJ2,2466
B08K48CCQT,2769
B0976RZHTV,2826
B07WNV98X5,2630
B00004S9AA,78
B00006FWTX,182
B00009PS24,225
B00006IJJK,187
B001BKLE58,503
B001ELJDU2,558
B00020LZAW,272
B00005ML10,132
B001EYUXIK,765
B001F8188Y,783
B001HKPUKC,820
B004ZCPKDG,1270
B004EW2PC6,1198
B005669IE2,1339
B0088TN7NW,1494
B002L8W5V6,1018
B00001X50M,32
B00CQ9L1Z6,1644
B007RNWUC4,1458
B002ACOJTY,896
B0053B5RGI,1325
B016P6KIFY,2081
B002BSA298,908
B00RSXRLUE,1928
B07YW3W8TK,2693
B00Z9TIGCG,1996
B01LW6SOV9,2208
B0C5K4M7WJ,2982
B00400OFG6,1159
B003VUO6H4,1146
B003Q6DBCO,1121
B001EYUXWQ,769
B002CVUWEY,922
B001EYUXXK,770
B003DOSRSW,1072
B002I0EH6I,950
B003O6EATE,1109
B006PP41Q8,1411
B006JKAS6G,1401
B0044XU27A,1172
B002I0GKIQ,956
B001TOQ8X4,868
B006476318,1387
B007BJNR6C,1437
B006PP3YMU,1407
B006JKARPS,1397
B00MP7SFJE,1873
B000FRV2UK,361
B01N53K730,2246
B017W175SE,2095
B0081Q58AW,1475
B0050SVPCO,1291
B00BBUCCKO,1589
B075XLGQ4V,2382
B017C6OK7S,2089
B07CD6F5PX,2433
B000BI3SIC,334
B093GLPLLB,2821
B002EQFXZA,930
B004HO6CQG,1214
B003R7JXMO,1127
B00L4SD1F8,1844
B06XHMPPLH,2267
B07SRSC8PQ,2600
B09M2CPHDL,2869
B000KRXAGE,396
B0009VXBAQ,311
B000VJRU44,454
B0029LJIFG,893
B003OZZJGS,1118
B003QCJLRM,1123
B08HB9TCVG,2760
B002AU0HZQ,898
B018JDBWQ0,2103
B006PP404Q,1409
B0050SW8AC,1297
B0073ESZ58,1428
B08MBMWTYR,2781
B008A27UMG,1496
B00E1A1SP6,1683
B00W50P4HW,1960
B00KWOSQC8,1835
B006JKASAC,1402
B0050SW2NA,1293
B00Z9TKLFQ,2003
B00JM3R6M6,1788
B006JKARP8,1396
B007AJZ5PY,1435
B00DVPMVIU,1680
B00M3D8EFU,1859
B005OGKLK4,1368
B008YTAJK0,1529
B002I094AC,948
B00PU12IDG,1919
B005ZBNXMG,1383
B00RUPKM74,1930
B01B2FAWG8,2122
B01GY35UK6,2168
B01GY35W22,2169
B07BGYLS1L,2416
B072K63ZPD,2337
B01M6C7YE8,2221
B01GY35QPU,2167
B09B14PJCG,2834
B08JHX17ZZ,2762
B08QFPS48J,2799
B094KW45JB,2823
B08FC6Y4VG,2756
B08WJPJ1NC,2807
B07HC1JR2H,2499
B09M6YFK7Y,2871
B08JPWZV6N,2766
B01N9RG3XS,2254
B07QPVTW6R,2580
B0B5VZ3358,2914
B0BH7PZ8C3,2930
B0BN2MR68R,2943
B08MBQ4DYB,2782
B074NDG5MN,2365
B00EI4V3FU,1692
B01KZUL1CA,2199
B00BGA9WK2,1595
B00KIWEMIG,1805
B00EQNP8F4,1698
B00MAM0ALA,1863
B07KRWJCQW,2518
B00VG3PUFA,1956
B00ZJRHSRW,2018
B0177G3QV4,2088
B07L5FKGQH,2525
B0091P25X0,1531
B001EYUYCU,782
B09TV1R26C,2890
B0BF5VRLHV,2926
B0BN5DC36N,2944
B0741S916M,2359
B00ZO1SO08,2025
B0721NK86L,2326
B074TRZVYZ,2367
B08XQM1QHW,2812
B007CSDCGM,1440
B007VTVRFA,1462
B007CM0K86,1438
B00HM1XPN4,1748
B00CEGCN76,1627
B00PGLF7G0,1914
B014R4KYMS,2063
B003IPCF02,1085
B0050SYUAS,1311
B09TX17ZBQ,2892
B0BL9CD53Z,2937
B09KHV33VJ,2863
B001EYUPOC,653
B0006B7DXA,292
B002I090AG,944
B009LEIUY4,1548
B009GE437W,1543
B0050SWBAE,1300
B00SA9UB7K,1937
B0171RL3P0,2086
B0714FFZD8,2291
B07NRHR43N,2556
B009GE3WUQ,1542
B00DC7G0GG,1661
B00DC7O77A,1664
B002I0K3M0,981
B01F04ZDO8,2145
B01CKGI4RM,2136
B00ZV1C600,2030
B06XS4XXFT,2271
B07N8T1K97,2541
B01NCVU39G,2260
B072LYBBWL,2340
B087SHFL9B,2724
B01NAZ49SI,2258
B07D3JX5F2,2449
B074ZCDPXN,2368
B09CB6ZXD7,2843
B01MTAVRDY,2231
B07NQCDWWN,2551
B078GLDBZX,2401
B01AC3ZD2O,2117
B003NSLGW2,1102
B00AKIPBNS,1569
B00G9AYVTG,1724
B071Y492GH,2315
B00VULDPCI,1959
B00ZM6I932,2023
B087SLFYPJ,2725
B09TSCPZJS,2888
B005QP3MGI,1373
B000ASBKHE,322
B07MPSFJG3,2532
B07VFYBMTS,2621
B08JHZHWZ3,2764
B07CRX5X9T,2442
B00KFBB2F6,1801
B0000C7GHG,248
B07BNKWG2D,2421
B07KS74Q2X,2519
B07P7M6KB3,2572
B00CA8636K,1625
B000UQCER6,448
B001TOQ8NO,865
B002BWOW54,920
B0039QJKZ8,1055
B002XVUT3M,1030
B003ZHMMEM,1156
B000FQ9QVI,356
B003O6JKLC,1115
B00267RVX4,879
B0001VNNE8,266
B0079V4GK8,1434
B009AGXH64,1538
B00CQ7CIMS,1643
B07YBXFF99,2686
B00BN5T30E,1608
B00BGA9X9W,1596
B00G0OYHCW,1720
B00DC7G2W8,1662
B00NIZLIF0,1884
B0759BV9DJ,2374
B07HVPZP1Q,2505
B003L77YKS,1094
B0030JTD7O,1036
B002IGTPK0,991
B004IK89F6,1220
B002I0IVC4,965
B008ATWGDM,1498
B009VUHVY8,1557
B009VUHW60,1558
B0088TN5FM,1490
B07XJYZTPQ,2666
B00EI4V3X2,1693
B07CMW9P4P,2439
B0053BCMAC,1328
B00KVOVBGM,1826
B00E8JZILA,1690
B0050SVNP8,1287
B00CMQTVK0,1640
B004OL4980,1242
B018QH6VVA,2105
B00DJRLDMU,1671
B071G61TRM,2300
B07ZHZBYCJ,2697
B002Z01QO2,1031
B001E91OC4,533
B000FQ9R4E,357
B003S9VNWE,1134
B000NDFFFE,405
B07DDDB4BK,2452
B002BSA3EM,911
B00C5M4I54,1623
B002JTX8OK,1009
B002JTX7Q4,1007
B001QCWSGU,851
B0050SWALO,1299
B00884S6YW,1488
B003R7JXOM,1129
B00005NZ1G,137
B001EYUOES,629
B002ST7AEU,1023
B0050SYZ2G,1315
B099M4RSVG,2832
B00ANHBJBY,1572
B00XZQ58AI,1978
B017QU5KLK,2092
B07STWQ38X,2604
B08FC5L3RG,2753
B0B5MLC7GB,2913
B0B92WG8LS,2918
B07RFZFNQT,2594
B007BGUGVO,1436
B0050SVNSU,1288
B0050SVDQ2,1280
B001EYUQJ6,677
B00DNWHEVU,1673
B00KIJ2FVU,1804
B00VMB5VFK,1957
B01JJFZ3LC,2191
B087SN6TC5,2727
B0823F9NB8,2703
B0015AARJI,486
B001KMRN0M,826
B00009KO3S,224
B002I0J5JW,971
B0721GGGS9,2324
B00K32USMU,1795
B07ZJ6RY1W,2698
B005OGPTSS,1372
B08FC5R4KV,2754
B07DFYXS9X,2454
B08XQMZK97,2815
B07FB23CTG,2478
B098NVRQW2,2830
B08Q1MFHT3,2798
B087NNZZM8,2723
B08TKH1F8B,2802
B07B9W38X1,2414
B08JHYYTMT,2763
B08YHH5QDG,2817
B087ZRQ44S,2731
B07YN82X3B,2692
B09S95BGBV,2884
B0C1W61H6N,2970
B0C3KBY56N,2974
B0C39GFK7P,2972
B09NF81J5G,2876
B09VXFP6Z6,2896
B001EYUPCO,642
B003V4AK8E,1143
B0050SY0L2,1310
B004HX1QFY,1215
B00GIK3YAO,1726
B00CJTA87A,1635
B01EW9XAKQ,2144
B015IX3X3E,2070
B002B9XB0E,900
B01FSK99PS,2146
B09K3ZY6BR,2862
B07DHNX18W,2457
B0C89J78ZW,2991
B08SRS91MB,2800
B0BPMJ8TRV,2948
B07K85PH26,2517
B09MGJXGBF,2874
B00KCCNMYW,1800
B00KUYZ7I6,1823
B01MYUCFBK,2235
B00008RUYZ,214
B00005LOXE,128
B01N6QKT7H,2249
B01N33MFPK,2240
B07HGT7JC8,2501
B071Y4V29W,2316
B0721BX7DQ,2323
B06XDZGHWK,2266
B07MLB1P21,2531
B07BHXMYV6,2417
B006UBEV4O,1413
B002BSC4RQ,912
B0015HZLVK,489
B003BLUA64,1063
B00B2QL2Y4,1578
B07PZ8NZSZ,2579
B07DYF4531,2473
B00OR7OH88,1908
B09C1PZPND,2839
B0829R3BLR,2704
B00GOZSR96,1736
B01HCFPMJY,2180
B087XRWHHL,2730
B08CG1GDR2,2742
B0017HW5LM,492
B001ELJDWA,563
B001EYUY4S,775
B003HKS156,1081
B000G75AXY,368
B001EYUOF2,630
B001EYUQTQ,685
B001EYUQDW,673
B07WWK48DV,2642
B002XH972U,1029
B004I1JTEK,1218
B001EYUQVO,689
B003S3RFAY,1132
B00BQVXUOA,1611
B003N18O5Q,1099
B004UPBXR0,1259
B00BQVXSSS,1610
B002BSA388,910
B07C2Z98W4,2429
B000FQ9YB0,358
B0C3KJJ6XS,2975
B084QDTVC6,2710
B08NDVBZ54,2790
B08F4C6HCD,2750
B00ZM5ON88,2020
B01M1DN3OO,2219
B085Y9WH8P,2712
B07PFT19MG,2576
B01GY35GIM,2165
B07DGX6FMY,2456
B06ZY6VHDD,2280
B00Z9THEAQ,1992
B07WPFV4ZW,2632
B00IAVDPSA,1767
B001ELJEH4,583
B0000ZUGZ4,252
B001ELJEGU,582
B00004RFBE,76
B001EYUPAQ,640
B001ELJE8I,578
B00006I02Z,185
B014T4J5HQ,2065
B0045Y2IVQ,1178
B00ICWO1XA,1769
B00Z9TJZAI,2002
B076ZPW7R2,2390
B07P6MD9B7,2571
B01NAGTKX3,2255
B073W2T5F6,2354
B07D3JSZ8F,2447
B079MLPDRJ,2410
B0764BLMJL,2384
B0765LLC19,2387
B07DZZXTXL,2474
B00DM2AJ0Y,1672
B00IEZ6H4G,1770
B00HGLLRV2,1745
B00XBLQCLQ,1971
B005FYJA52,1354
B0013B30SY,478
B0017Q4DGI,494
B001EYUO20,625
B0013E9HP6,479
B001G78TRW,801
B004HILZV4,1209
B004HILZUA,1207
B001EYUR5E,695
B00004U4R9,98
B00005U8TQ,154
B0086VPV86,1483
B08MBKGJVY,2778
B00AAIDNTW,1564
B003Y7RB76,1150
B08XD9D3W1,2811
B08KGB9WFB,2770
B08XD54VJY,2810
B087NMYQYG,2719
B0795GHTBC,2407
B08DF248LD,2746
B0B84TFTM5,2917
B00JVUK7AI,1790
B002I0J45C,966
B000K9OP2A,393
B07BZP7HML,2428
B005YR308S,1381
B005T5OBWY,1374
B001EYUS2G,702
B002I0J5FG,970
B008CP6RWU,1503
B008CP6MA2,1502
B07D13QGXM,2445
B07SVQ3RLC,2606
B07JBQDG17,2512
B0C6BLYZYF,2983
B000R3BNE2,431
B00009WAUL,230
B000NNDN1M,406
B001E27DLM,520
B001CM62UM,507
B001C58T46,505
B00PBIGBOU,1912
B002CZ38KA,923
B0037M5W24,1049
B000ERVMI8,345
B003VAM32E,1144
B004K6LQ9E,1229
B018K6KV68,2104
B07177727N,2293
B00BQVXVYY,1612
B015KBXBM2,2071
B00Z9LUDX4,1991
B00USM22DI,1954
B0BL65X86R,2936
B08F97Q8HS,2752
B079MRDY5V,2411
B0CHJC16TX,2995
B004MPR0ZC,1236
B003EQ3LS0,1074
B002I092YK,947
B001QCWSII,853
B0050SX00Y,1303
B00HRW8PRO,1753
B004K6LQAS,1230
B00IAVDOS6,1766
B00FXOP1MU,1718
B00C1TTF86,1619
B00FM5IY0Q,1714
B00DTY9B0O,1677
B00D5SZ04K,1651
B00CMQTUSS,1638
B00K7LY7BA,1799
B00O9GW8TC,1901
B00E5UHSX8,1689
B00AAS888S,1566
B00HTK1NCS,1754
B01H482N6E,2177
B07V6MHQVP,2619
B07VGRJDFY,2622
B0BXKJ4FTC,2963
B002BSH3KE,916
B007VYW5K6,1463
B001EYUOL6,634
B002I0J4VQ,968
B004HD55VK,1206
B07VLCRZ21,2625
B00BER9YFA,1592
B07WS18ZS3,2634
B09JDJYPD8,2859
B00XY2UYUW,1976
B004RMK57U,1254
B003O6FV8S,1112
B00M35YLLY,1856
B09R4K5ZTZ,2882
B01I5J9K4Y,2185
B000FQ2D5E,355
B00004SVXQ,89
B09KWYMQ8K,2866
B0099UC9MO,1536
B0000A09EN,236
B001EYUPOW,655
B001EBBGTS,537
B000BC38LA,333
B001QCWRZC,842
B003JBHG7C,1086
B001EHD9JW,555
B001ELJEA6,581
B07X413PQ5,2652
B000ZKBJYG,471
B001DIY14Y,515
B002DZKZ5K,927
B001TOQ8UW,866
B001ELJE9M,579
B00275EDMM,886
B004CVKGSY,1191
B000U5W3IW,443
B003O6E7DI,1107
B003R7JXO2,1128
B003ZCH7DI,1154
B003JBHG90,1087
B0B1PB5L93,2907
B003Z0BRDQ,1152
B004RIZM36,1252
B00HX1UXD8,1757
B004G5YI3U,1199
B007W5P8TE,1465
B007W5PG5U,1466
B009SPZ11Q,1554
B00O2OK4TM,1896
B01I59OFDU,2184
B01DE9DY8S,2139
B073XKXQW4,2357
B001EYUSFS,708
B004D1Z3UO,1193
B00503E9FY,1277
B09WS2QZXT,2900
B017XAGZM6,2100
B00CY58LMS,1648
B00LEB790S,1848
B01GW8WUMO,2161
B074CB2RNQ,2362
B06ZYTHKR7,2285
B01LXC1QL0,2211
B07G4YYZ1M,2486
B00CQ35C1Q,1642
B07J27TFCD,2508
B002JTX9N0,1013
B00EU61DL0,1701
B008KGN9DG,1514
B001EYUQXM,692
B003L20IPQ,1092
B0892HRCST,2735
B003BFW4OG,1062
B004LLHFAW,1233
B001V7QIDO,874
B00DE2W5XG,1669
B001D8Q5MA,514
B001TXF9ZS,869
B00M929CHE,1862
B00HVBPRUO,1755
B004HILZUU,1208
B01KUAMCV4,2197
B004Y98Q04,1269
B0044DE88O,1170
B01N4V7SNP,2244
B08VFQ3XJX,2803
B000066TS3,171
B07895QZBF,2400
B07SRWRH5D,2601
B0046A8IRC,1179
B014N4RTS4,2061
B007YZCE94,1471
B00OC1J73Y,1906
B00BCX2AZW,1591
B009NRO1J2,1551
B014278KPS,2056
B00ZKZYKMO,2019
B00ZQB28XK,2027
B084D57QLR,2709
B0BNPKCKKT,2946
B06ZZCCDP7,2288
B071X39BX9,2314
B06XBN6NCH,2262
B01NAUEFNR,2257
B00CMQTUCE,1637
B08N7RDR45,2788
B07GLYDDRG,2488
B09JDDBX8R,2857
B07DFNKHFG,2453
B07DK4T1X1,2465
B07DLNHQZX,2468
B07Y59H3K2,2671
B07G7YP27Q,2487
B07DJRFSL1,2459
B0721JJBMF,2325
B08LZ5STF6,2774
B07GP2CV85,2489
B07J3P1GJM,2511
B07DGMB3L1,2455
B07P2J6HSR,2564
B07F2C38QY,2476
B07SV4RKZ7,2605
B087SLTR2B,2726
B087NM8BB6,2718
B08F4D36D9,2751
B07ST7LY8F,2603
B07QQ8N7LL,2581
B0CB6B58Q9,2993
B08JDVKWHS,2761
B07DK1H3H5,2463
B097B8PBL5,2827
B09RWPXYJD,2883
B0118GJKIW,2034
B00DBLBMBQ,1657
B001ELJPJG,598
B0187UFI1U,2102
B01HCD4G2U,2179
B010L06UK2,2032
B07GRP33YM,2491
B017QU5G1O,2091
B00HN9LS48,1750
B00DQNF3PU,1675
B00KVP76G0,1827
B00BU3ZLJQ,1616
B00FA1CLEW,1711
B00FA1CIUE,1709
B00PUU1ZHW,1920
B00S7O6R9O,1936
B011ALF4XK,2037
B009LGO88E,1549
B073ST27MK,2353
B005N4I24Y,1366
B00F6FJCMQ,1706
B00BFOEY4I,1594
B00ZB0UDS8,2013
B00MUY0OFU,1875
B01CHU4IY4,2133
B01BEELH52,2126
B0995GXFV4,2831
B071Z2WDP8,2320
B0779JS5JC,2393
B004WIOHB4,1262
B005FMLZQQ,1352
B000UCF9TA,445
B0034ZOAO0,1046
B008L3UUPS,1517
B009AR2CAU,1539
B0088TN73M,1491
B00GN67PJ4,1734
B09NRBN9KR,2877
B09V5R5LSZ,2895
B00308JV6I,1032
B003INESJK,1084
B0051D8PGM,1322
B003YMMMFM,1151
B005OGKYVK,1369
B00YM7AKLG,1983
B00WUZUP3U,1966
B00Z9TL6KA,2007
B00W9DHUBS,1961
B00ZD99YXC,2014
B00SZ1DQFM,1943
B00KQHHDZC,1812
B00K5I323O,1797
B00CMQTUY2,1639
B07WS5R5DP,2635
B003OAE79S,1117
B004DGIYEG,1196
B007RUY1NS,1459
B00CWV550U,1647
B003ZCDV7Y,1153
B01GRY9VIY,2154
B01KX8ETK0,2198
B00Z9TMH1W,2012
B072K73141,2338
B00182CIB8,496
B0BN2FNKLM,2942
B003JVCA9Q,1090
B002I0J8KS,972
B002I0K622,983
B004Q8L46G,1245
B00M3D8GIU,1860
B0050SW33E,1294
B0050SW7PI,1296
B003EZ1KGQ,1075
B0036F0V4G,1048
B004C4U1VI,1190
B01M0ROFJ1,2216
B09DLBC6B1,2846
B072NCKJR7,2343
B06ZY9R6P1,2281
B01LD7MR2C,2202
B01GWHR1TC,2163
B072LWBYDV,2339
B07XNVN88K,2667
B07V3T7WF1,2616
B008B2ZKK4,1499
B0036EWMIK,1047
B005JQNEO4,1363
B07WWJDWY3,2641
B06XP8FMM2,2269
B0BF1BQ3D2,2925
B09FBW2988,2848
B08MBG5254,2775
B000F2DE8S,348
B000R3BN4M,430
B002VFQ2IQ,1025
B002CZ918S,925
B0077LRPSA,1430
B004L4G8UC,1232
B00DCQ5A40,1666
B002JTX5RK,993
B00269QLI8,883
B000OLXX86,413
B003BRJJAQ,1064
B001QCWS92,845
B004GUTRYK,1202
B0055Q175G,1335
B003XF2SYK,1148
B002I0H79C,961
B00ZS1SRO2,2028
B01GY3651O,2173
B075S5CYZR,2381
B00B7UHWB2,1582
B0728H6KPV,2331
B01NASEX0C,2256
B077TB64KB,2395
B06XHVJY3T,2268
B000IONGU4,388
B003INEQ2O,1083
B007GYBTGW,1445
B0072A4JVW,1426
B0088TN7HI,1493
B0711ZH7GX,2290
B00005V9NK,159
B001EYUPLK,650
B00004S9AF,79
B001EYUS2Q,703
B09KTV12WR,2865
B007PY3ZPG,1456
B07L3D7C21,2524
B0BRSZ7VL8,2952
B001ELJDUC,559
B000047GEI,74
B00CSIB3PS,1645
B0050SYY5E,1312
B005IU8A5O,1362
B001EYUQT6,683
B001ELJE88,577
B001EYUQVE,688
B001EYUQ8M,667
B00F27JGVA,1704
B07ZGJB3WG,2696
B001ELJPSC,604
B001383L36,477
B002BS47JE,904
B001ELJE5G,573
B002CZ7P04,924
B0028Y4PUW,888
B00267S2A0,880
B0039QWK0A,1056
B001E90AE2,532
B004D4YDPC,1194
B002SUTB28,1024
B001EYUQN2,681
B07X649B77,2660
B00VUCEXNW,1958
B00F4WM1XS,1705
B00KXAI45K,1838
B00KSQHX1K,1817
B00KM66UFQ,1807
B001EHD92Y,541
B001EYUXOY,766
B006VR663G,1416
B00TY9KYKE,1950
B002JTX9LW,1012
B007CSCWVI,1439
B001G60LEM,800
B001EYUX1M,758
B000G75AL6,367
B0145ZPB4U,2057
B011XO54MA,2041
B00Z9TL1PU,2006
B00ZHQ39F0,2016
B012F20ZY6,2044
B004IK24MU,1219
B00J7N6C26,1783
B01AC3ZD06,2116
B000A2R54M,318
B00004SVYQ,93
B001EYUWOU,749
B00DYJGDYQ,1681
B00BLDJ1T6,1607
B002JTX74G,1000
B00RMR7DGI,1927
B007MJSZDQ,1452
B0069EB9CY,1388
B013VO5MR2,2055
B0C1K1R6HK,2968
B0000A0O28,239
B00KXAI6MQ,1839
B004HILZWS,1210
B001EYUPP6,656
B000050FBJ,109
B00002SVFV,56
B001EYUNUS,619
B00002SVFR,55
B001EYUPNS,651
B001EYUPO2,652
B00005B9ZG,119
B000HFGKN4,381
B00005AV8W,115
B00005C7P7,125
B000R37S00,429
B002BS47TE,906
B00006LEM1,191
B0C5HQ6L7F,2979
B00019HNNC,256
B00002SVFM,53
B001EYUQW8,690
B0001Q5SG4,265
B00004SVSS,84
B07X1HF3V6,2646
B004HKIMFE,1211
B004S9AUIQ,1257
B004WIOH4G,1261
B005DONQWC,1348
B07TXKYR1H,2613
B000EGELP0,342
B000EGELQ4,343
B0009VXAM0,310
B000B69E9G,324
B000GA73O0,371
B000P46NKC,420
B001EYUWWW,754
B000UW21A0,450
B001G7PTAC,814
B001EYUQ8C,666
B001E8WQKY,527
B000FQBF1M,359
B001QCWS7E,844
B000ZK7ZOE,469
B00275EEJY,887
B001JKTC9A,825
B000ZK9QCS,470
B001QCWRWK,840
B0032C9V7G,1043
B0030H8I4K,1034
B007X5103Q,1470
B003ZDOFF0,1155
B00KR2BTVU,1814
B00503E8S2,1276
B00EN1IF7C,1694
B014PZTAME,2062
B007VM032A,1460
B0079V2XFS,1432
B002BU0DPE,918
B00CES8EFY,1628
B00BAQXJMO,1586
B0087LXZRE,1486
B00Z9TMBOU,2011
B072289M2R,2328
B004ZX745W,1274
B005GISQ9S,1357
B005UUO9CK,1377
B006CD9PEQ,1389
B0050SYYEK,1313
B002I0JBVY,975
B004LLHFEI,1234
B004IK89G0,1221
B004DC9SSG,1195
B001E56K5Y,521
B0043B5SKE,1169
9629971372,0
B001Q4HLFQ,839
B002GN8HU4,936
B001ELJE4W,571
B004519O9S,1173
B00341B3LW,1045
B000R0SR9E,427
B001A4MTGS,500
B003MQMD2W,1098
B0039LME9W,1054
B000VTQ3LU,455
B000M17AVO,399
B00005O0I9,142
B001EYUQ5A,663
B00000K125,23
B001EYUY8E,780
B0000A1VER,241
B000067FDY,173
B0002A2S26,278
B001EYUU60,729
B001ELJE7E,576
B001EYUQ14,659
B008CZN40S,1504
B0084A97Y8,1480
B004WLRQMI,1266
B008XXLKLE,1528
B07P9VKCF6,2574
B0051D8P26,1321
B07MHNTVBL,2530
B01A5BEBX0,2113
B079C7QGLQ,2408
B06Y4GTT7F,2277
B013HMN66M,2052
B003R50910,1126
B003P9VWRI,1120
B004I1JTE0,1217
B002JTX5SO,994
B005ZBNUUG,1382
B007MXX3J8,1453
B007G3U7NE,1443
B07X5X5KF9,2659
B00AEJPEXU,1567
B001G7PS4Y,807
B001EYUSJ4,710
B00NLZAB6E,1886
B00G2EVF3E,1722
B00KUZ1K8Q,1824
B00C2PJTKS,1621
B004QWYV2Q,1250
B003GSKR0G,1079
B07YBXP45M,2691
B005HRZ29K,1360
B00D3XXOTK,1650
B00ZM5P3UK,2022
B0167Q9FPQ,2079
B073ZR63P8,2358
B07YBXFDYK,2682
B07WSHTJ48,2637
B00N2KKSNO,1877
B00K5HTPR2,1796
B00OGNV5HY,1907
B07YBX8RNF,2680
B00O3JSK7E,1897
B076541PNM,2386
B01MG6DORB,2226
B003BVIH00,1065
B002BRZ8BQ,903
B002JTX89A,1008
B002KAS4OW,1017
B00LV8IF8O,1852
B001G7PRS6,805
B0055DRHFS,1334
B001QCWSHO,852
B004WIOHF0,1263
B07X6JP2QF,2662
B0094BM8VK,1533
B000E0VMVM,341
B003L20IQA,1093
B00MOQYTBE,1870
B00BHV4P0M,1602
B00PHVBM68,1916
B09HTJV7NG,2855
B001DIY25M,516
B0BYPDQN2W,2964
B00E4MQODC,1688
B001ELJDV6,561
B00004YRQA,105
B0017KIBAI,493
B000OYMYZQ,416
B01I14IASK,2182
B00UMRFI8U,1953
B0050FDE4E,1279
B00CISMP8M,1632
B001EYUPEC,644
B001NTFATI,835
B00AAQRNQ8,1565
B009IR1SR0,1546
B00GM5TPJ4,1728
B001EYUPV0,658
B00TKFD51M,1948
B0891DDRYN,2734
B000HE9LL8,380
B000BC38K6,332
B004QEV0MI,1247
B007LQG9A6,1451
B00N73JLU2,1878
B08MBHYJP4,2776
B075HSB8HT,2375
B00XK623WO,1973
B09KL8P6DP,2864
B001EYUTBQ,718
B000066JRN,169
B01AC3ZGRG,2119
B0171RL3RS,2087
B07FWG1KC6,2482
B000LSJKAM,398
B00008KTNW,211
B0019MRKNI,498
B003S9WQAM,1136
B072JYVYCX,2335
B07XV4NHHN,2669
B00005Q8IR,145
B00007DCEB,199
B001ELJDVG,562
B001EYUP92,638
B002LLRLMQ,1019
B000HKGIOA,382
B001G605V6,790
B000F3AADE,350
B000HCQK0A,377
B001EYUNOO,615
B001EHD9GA,551
B07YBX8GVS,2679
B001ELJDXE,564
B001ELJFDM,588
B002JTX610,996
B0B36T478W,2909
B001EYUY7U,779
B004INGI2Y,1222
B002G9U72Y,934
B001EYUX4O,761
B007OAGLSO,1454
B07BWJYTNC,2426
B009DL2TBA,1541
B0079V4FAY,1433
B00Y8CQCXA,1979
B0149GF88Y,2058
B01C48EA1A,2129
B000UXOHOW,451
B00CTKHXFO,1646
B0009Z3MQK,317
B00I5LAGM8,1760
B006MAT1NO,1403
B006VO0QUI,1414
B000FUWCRY,363
B001EYUQ6Y,664
B006PP4136,1410
B00HLT0YT0,1746
B001ELJE6K,575
B000M4H6RE,400
B001EYUO1G,624
B001GIUWX0,815
B001PO2BJI,838
B0041G5EU0,1161
B000P297F2,418
B001H4NMNA,817
B00KR2BK1E,1813
B00EU2YGV8,1700
B001EYUQIM,676
B07N1XKY1L,2538
B00WNO6YKG,1963
B00NY62FH8,1892
B00KX7672U,1837
B071J42387,2305
B01CDCG4KM,2130
B08WQD819H,2808
B0030HM2KQ,1035
B001EYUQC8,672
B002JTX78M,1001
B003ZSN600,1157
B006VR65D2,1415
B09DRY9T7Z,2847
B00BEZY2I6,1593
B00004SVXW,90
B002I0K2YO,979
B0050SVH18,1283
B00GM5W5H8,1731
B07X56S77D,2655
B00897Z27C,1495
B00O9GW8VK,1902
B07YBXNWXL,2690
B00MMPB4RE,1867
B001G7PRLS,803
B07WVFDZXC,2640
B011AH9A16,2036
B00005O0I3,140
B0000631WI,164
B00GM5TPSA,1729
B00005O0I2,139
B00007KUU8,202
B001EYUU42,726
B000095ZH5,218
B00000J9J9,19
B003E1UNSG,1073
B00009ECGK,223
B08392WSFZ,2706
B07CH81328,2435
B07R9RPQ43,2592
B0753D38RB,2370
B07MWB5YJW,2535
B01G309132,2148
B076B995TL,2389
B001V7QIDY,875
B008FHL56S,1506
B00BIXYIU6,1605
B0050SXVK8,1309
B004QEWVLC,1248
B000WMEEBC,459
B00I0QBM7Q,1758
B00ZM5OXD8,2021
B00WOK8YX4,1964
B01AC3ZE5K,2118
B002MWSY3O,1020
B001EHD8YI,538
B00A63GL4A,1561
B0030MEITE,1037
B07NKN4VR4,2544
B00HRW5MGG,1752
B001ELJFGO,591
B00NY5Y40U,1891
B06X9898LZ,2261
B07KXS41QL,2521
B0735X5M4X,2346
B081243BT6,2699
B01GYPAZOK,2175
B07CV6LH3V,2443
B08N7QBVBJ,2787
B07D53QSMK,2450
B001EYUXBM,762
B001EYUQTG,684
B06ZXXHMS7,2279
B0001OU19K,264
B001EYUQIC,675
B004GEBB2W,1200
B000G6SPHI,366
B001D7JEJM,512
B001ELJE2E,570
B001FRTHBU,785
B001EYUS7G,706
B001EYUPHO,646
B001EYUU4W,728
B001EHD9J2,553
B001G7PSQM,813
B001G6064C,797
B001EYUX3K,760
B001G7PRK4,802
B000WQ1XIA,460
B001QCWSDI,849
B07YBX7L4K,2677
B002JTX7KA,1005
B0001AN1GY,257
B00MOR1A7Y,1872
B00T34528E,1944
B00S1LRUVW,1934
B00X8WEZUI,1968
B0095CZL8A,1534
B08VFQJHYB,2805
B07C79LP8M,2431
B08MBHYJVS,2777
B0B5M66PSW,2912
B007PX6MFM,1455
B000B6MLUA,327
B006VR6A28,1418
B00JM57VDS,1789
B01L1Y0TCC,2200
B086VWKLXF,2714
B0000664JF,168
B000K1CS5Y,391
B001EYUX1W,759
B001EYUY8Y,781
B00SBXBQDS,1938
B09GTFHC3Y,2853
B00V5V3E38,1955
B01MTJA6EV,2232
B0056AT0EG,1340
B07SYDWS5J,2607
B0083ZYFPA,1479
B008M502H6,1518
B07BFWLXLS,2415
B0754LGLFP,2372
B001EYUNNK,614
B09MFBJJQJ,2872
B000FRVCAA,362
B001EYUVZK,733
B0010EF0UK,474
B001EYUPE2,643
B000X25GW2,462
B00004YUWA,106
B07X56TZ16,2656
B00Z9TJBUW,1999
B087CR9TR7,2716
B0BTM9LJM4,2955
B00RU75I2G,1929
B000F3AACA,349
B00007E1OA,200
B00005J536,126
B0002XL3BA,286
B000095ZH6,219
B07H9MYKQ7,2497
B07HB1F3JT,2498
B00ITG5EI0,1775
B07X2LMS7C,2648
B00005Q8LR,146
B07235W2WM,2329
B00LE3EAIK,1847
B00D9EPI38,1653
B00KVP78FE,1828
B09QL4J4NW,2879
B0C6BV5XQZ,2984
B001EYUXXU,771
B000ZK696O,468
B001EYUOA2,627
B001EYUWNQ,748
B003S3RFAE,1131
B003QX4F7C,1125
B005TH6BD4,1375
B07P574T71,2570
B00BGAA0SU,1597
B00BBF6MO6,1588
B0786P7L9K,2399
B001ET07O0,608
B00001IVRD,29
B000W5Y49G,456
B000WCQWR6,457
B000IN0BSU,387
B001LETH2Q,831
B001EYUU6A,730
B002I0GEHI,953
B0050SZC5U,1319
B00PV515DU,1921
B00HRH79H6,1751
B00KWFCSB2,1830
B002I0JBL4,974
B001ELJP8W,596
B073SQ2S3K,2352
B0BQQF9ZMM,2950
B09Y97GZG5,2902
B08N6NCR3Q,2784
B000F5RW1U,351
B000BLM5PG,335
B001EYURIQ,698
B001EYUNPI,616
B000CBVC0Y,338
B001ELJF8M,586
B001G6064W,798
B000QW9D14,426
B000F1WDHW,347
B003JVKHEQ,1091
B005C7JOH6,1346
B00LZVNWIA,1855
B07Z9Z39ZW,2694
B00EQNP8W2,1699
B015P8T2FU,2073
B017V6YVDC,2093
B001EYUROK,700
B00000DMB3,6
B00000IWYT,15
B00000IYEQ,16
B00000IYER,17
B00004TCT3,95
B00004U5VF,99
B000069BD9,176
B001E91OP6,536
B006WVJWUA,1419
B07P56JS2T,2569
B007G69KPM,1444
B002BZPRL4,921
B003P9VWPA,1119
B00BRQN2EM,1613
B00IUGYTRQ,1777
B001E8WQI6,525
B002JTX72S,999
B01NBP3L0M,2259
B012NQATOU,2045
B00N73UUJI,1879
B00KLH0XMW,1806
B0118YZG0A,2035
B07TRQJ819,2612
B0000ALFCI,245
B09FHJQ7H9,2849
B08JR94Z37,2767
B001ELJFFU,589
B07N2Z9VZX,2539
B001EHD9JC,554
B001ELJE1A,568
B002BSH82M,917
B01953YZ0S,2108
B002I0GZ5Y,959
B01M11LKCE,2217
B001TD6SN0,861
B07YBXB9C8,2681
B00L4VYOIS,1845
B087STK7JZ,2728
B08MBQ51KG,2783
B0045U4U52,1177
B0087ACBAW,1485
B002I08CSW,939
B000P8WOMO,421
B0B96D3GG8,2919
B08C3WQ25C,2741
B07DJRFSDF,2458
B000035Y4P,69
B00002R28C,40
B00008URUA,215
B00004Y57G,104
B0000296O5,36
B000035Y09,66
B00005RD71,151
B0009A4EV2,302
B001CRQY1E,509
B0002CHJAA,281
B00002SVYB,62
B00DU2CHE2,1678
B000SSPH3E,436
B00002SVWG,61
B0002GTFIK,282
B0000A0MDV,238
B0000A09EM,235
B003VUO6LU,1147
B0050SVLI2,1285
B00Z9TI06S,1994
B07DJWBYQL,2460
B01LDWMHLI,2205
B01LDWMGNC,2204
B06ZZ6FKGF,2287
B01N33LIXR,2239
B01N4NTNO2,2243
B071D523Z9,2299
B01CFMVEEG,2132
B00ZP9XO9U,2026
B00FYQTK7O,1719
B07N8XW8WX,2542
B08PG4JWGF,2795
B075S5BLY2,2380
B08PGGPK3D,2797
B08PGCJZN6,2796
B071GPJPH4,2301
B07JXV1FYY,2515
B07DK1XZ4M,2464
B074MMGR8F,2364
B0B36HX334,2908
B0784BTZBR,2398
B071YVC3NJ,2319
B0083GAF9E,1478
B00J5C3SXK,1781
B00YXVNG1C,1988
B072BC31K9,2332
B07575CD49,2373
B07C75CLCD,2430
B07GVSBQVL,2493
B07SM7G9CN,2598
B09R1QBPZR,2881
B0845KDQFZ,2708
B07BWH4GX3,2424
B07VJPKYKP,2624
B08B6PLXHC,2739
B091YX9LQ2,2820
B09GVJGNT9,2854
B016P09VFS,2080
B003CJLOEM,1069
B00SHXKC8M,1939
B00GOOSV98,1735
B01ERA94BY,2143
B074TQFJ6F,2366
B087LSSNG1,2717
B089F9SCS1,2736
B08NX5R2LK,2792
B01MZIAZHM,2236
B01K2O2RSG,2195
B002ATY7JE,897
B06ZYHGY11,2284
B07NZFD1T7,2562
B087T1FS9K,2729
B07ZD8JTRL,2695
B00002SVEM,52
B08WWC6GBX,2809
B07J2KVXY3,2509
B00MOR0FLG,1871
B000XGJH1O,464
B0872XQSBK,2715
B00005QEFD,148
B00002ST27,41
B00000F1GM,8
B000006RGS,1
B00005MA97,129
B00002STH0,48
B004J6I0YO,1225
B00FXOP1JI,1717
B01LXN0S24,2212
B01N332TG8,2238
B0009Z3K9E,315
B074ZMX5SN,2369
B09TQBJCJ6,2887
B00Z9TJMI8,2001
B0062UOBW0,1385
B00800VJWU,1472
B00QF9A0SC,1922
B07BWJWBJL,2425
B00IFF0SIQ,1771
B0002ILS1K,283
B005EHQJ2C,1349
B000PC4FYK,422
B07CLKZJF4,2438
B08N7VJBH6,2789
B003TQM4DI,1140
B00GM5T8PK,1727
B004WIOHJ6,1264
B001EHD90G,540
B008KGNCSI,1515
B00AMA4L4E,1570
B00IAL9NHW,1765
B00I7NA43U,1763
B015XC3B46,2076
B07NSTDHGM,2557
B07P4J7PL7,2568
B00KUZEFBK,1825
B09T5VN7D1,2886
B01CR058OS,2137
B0B9ZGCZ7D,2921
B00NFXON1Q,1883
B00NETKFJU,1880
B00ZDNNRB8,2015
B01GW3GM7I,2157
B013CDX9C2,2051
B01GHBJM72,2151
B01GW8VG7O,2160
B00E3LCO2O,1686
B08XQM812F,2814
B07R5CFSVN,2587
B08GR4SWCM,2758
B0007P8FN2,297
B001T0HVGQ,859
B07DY1JKRH,2472
B00CMQTVUA,1641
B08MBMV3VG,2780
B012UGC9F0,2047
B00ZSDTIGG,2029
B01GY369GA,2174
B00421BLTM,1167
B0055202HE,1332
B00PJMJ924,1917
B00KMPLXH2,1808
B00917DBUE,1530
B01GU89H6I,2155
B071W7FSKN,2311
B08JJ37XVW,2765
B000088KH9,206
B00000K2X5,27
B001QCWRY8,841
B0050SZ7IC,1317
B00001ZWMV,34
B0053B66KE,1326
B01LYFPY71,2213
B007CSF3GO,1442
B00DCBDNW6,1665
B001G7PSK8,810
B000V7889C,453
B00GMFKYIU,1733
B001EYUY0W,773
B0000AHOOK,242
B001EYUPJW,648
B00GXNL6R4,1738
B001EYUQWI,691
B00001XDUB,33
B001EYUNE4,609
B002JJWH5G,992
B0017ZIIK6,495
B000ARPXU0,321
B0051D8QCA,1323
B002BSC54I,914
B007VM72BA,1461
B001AI7CF2,501
B00B7ELWAU,1581
B01N6S068R,2251
B07N11TKK9,2537
B07DJZNHHB,2462
B0B1NR1YYX,2906
B005N4HZRO,1365
B00LVAHX9O,1854
B000084318,205
B000IONGVI,389
B001D8PFIK,513
B002I0IIPY,964
B001EYUY70,777
B00SXQCLU0,1942
B07YBXFF44,2684
B00000DMAX,5
B07D7QFDTG,2451
B07V693FF7,2618
B001EYUP5Q,637
B01B1BMH7A,2121
B0014CN2H6,484
B07R4C1G6Z,2582
B0793GSKLV,2406
B09HTK2FFK,2856
B098KX2GTR,2829
B09QTCLJ9T,2880
B008GEH9HO,1509
B0050SXI6K,1306
B000UC5ML0,444
B0191J0RXA,2107
B089VKWRVP,2738
B00149IL9I,483
B004HD55VA,1205
B003A0VK10,1059
B0166QDJDQ,2078
B01D63UU52,2138
B002I096AA,949
B01GY3628A,2172
B01JOCHSOA,2193
B002I08VXI,943
B01LRLJV28,2207
B005GISP94,1355
B07CHRQC25,2436
B0088MVPFQ,1489
B007HKPEL6,1447
B008U4QPJI,1523
B06XS35SSM,2270
B00006F2EP,179
B000BXKA38,336
B0009YDS10,314
B000I10PY2,385
B000MIXFWA,402
B009CYJ8SA,1540
B006JKARZS,1398
B000JJRV90,390
B000OYITQO,415
B00NQREKHS,1890
B00PGLG79G,1915
B01M8GXNJX,2223
B081TQRCLM,2701
B091NYNCBP,2818
B00OAYHIRA,1903
B00LSFRY3C,1849
B00XZDQ6O8,1977
B00KXGZYBG,1840
B00K308KF4,1794
B00J48C36S,1778
B003LPTAL6,1096
B00KPZKS8E,1811
B00QO4NAOO,1924
B071JPNC4C,2306
B00X8Y18U6,1970
B071GPJS1Q,2302
B0721NP5XK,2327
B07HC4ZD3B,2500
B000HZFCT2,384
B00TFVD688,1947
B01EORDE48,2142
B001EYUTKW,720
B004NRN5DU,1240
B000TLU67W,438
B00002STJI,49
B00004SVXG,88
B00001OWYW,31
B001EYUNU8,617
B004HD55SS,1204
B0009I6S0Y,304
B07GRMK89Z,2490
B00I5KSVKS,1759
B00MFD9DH6,1866
B017W1771Y,2097
B09JDJXP65,2858
B001O5CCQK,837
B00QLWZWMW,1923
B011ERY5IA,2038
B07P2MLMLK,2566
B002JTX68I,997
B002JTX9LC,1011
B004ZCPL26,1272
B0056WJA30,1341
B004NBXRCU,1238
B00M3D8AQ8,1857
B006JKARN0,1395
B008VQ8HBO,1527
B01B62OMFO,2124
B000OFSBL6,412
B06XDXV3CW,2265
B08P1NS2X1,2793
B078YQ866V,2405
B01N5SXZ4K,2248
B0088TN7BO,1492
B00KWFY04A,1832
B00DYJMSM2,1682
B07G1SC6BW,2483
B0029F25FW,891
B007WPGS8O,1468
B00J4Y6L2Y,1780
B00004SVV9,87
B000034DMT,64
B000KUHR8S,397
B001HB7KAO,818
B07CPZ3PJG,2440
B001EYUSG2,709
B000UKZ20S,446
B006JKAS20,1400
B008UR2JEA,1525
B000QJ1NS8,424
B002I08VDI,942
B0006B0O9U,291
B001TOQ8WU,867
B001SGZL2W,858
B001G6062E,792
B004S5MB1O,1256
B00LV416KC,1850
B004O4C0G0,1241
B001G7PSOE,812
B001ELJEJM,584
B00006599U,166
B001EYUW3Q,734
B00009WAUH,228
B07CQXSC7K,2441
B00006LELI,190
B0002A6CQ4,279
B001E8WQJA,526
B0050SX9I2,1305
B00000DMAQ,2
B00002STEZ,43
B003TQLLEQ,1138
B002I0K3CK,980
B0050SVHZO,1284
B00EN9Q8G4,1695
B00UG63VDG,1951
B07V3G6C1F,2615
B0CB8LZT7K,2994
B09C4DPKGF,2841
B00002DHEV,37
B0C8MPWZ1H,2992
B003O6H7X0,1114
B0050SW4OC,1295
B001QCWS2E,843
B0002CHIWO,280
B000FDOTIQ,352
B00007KUUD,203
B000YDIYFG,466
B000O62OS6,411
B00CJD4HD2,1634
B07XG71C43,2665
B00KR2C0RC,1815
B07JVMRDGK,2513
B001I75UIQ,821
B001EYUTU2,721
B001EYUWR2,750
B000P0QJD2,417
B001G7PSLW,811
B000B9RI14,331
B0037W6XM2,1050
B015TL6PCQ,2075
B00CES8GAM,1629
B004Q9SO4K,1246
B00328P0GG,1042
B004LVO4M4,1235
B0BLW27Z5W,2940
B00O65I2VY,1900
B0767Y2Z49,2388
B000FPOJOS,354
B000SQ5LQE,435
B000HCJD68,375
B004HKJCKI,1212
B001IVXI7C,824
B0016GABR4,491
B076ZSBT61,2391
B001G6062Y,794
B001EYUPSS,657
B00004SVS5,83
B001EYUOK2,633
B00O3O3SIU,1899
B01307Q6ZC,2048
B00005BR6H,122
B001ELJFAK,587
B00006Z7I3,198
B00006Z7HR,197
B00000I1BJ,11
B00006LEMK,194
B00009YEJY,234
B00006B5T8,177
B00004U1R2,96
B000065SQJ,167
B001EYUWWC,753
B001G605TS,789
B0002RQ3ES,285
B0002Y2XXQ,287
B000K1GZIU,392
B001EYUPAG,639
B001EYUW5Y,736
B001EYUW4A,735
B0000AI1KK,244
B00005BW7M,123
B001E8WQLI,528
B00005V6BB,158
B00009WAVB,233
B00006BMQB,178
B00005BIG7,120
B0086VPVDG,1484
B00006GSNZ,183
B0000690Z9,174
B001G6063S,796
B00005ME6O,131
B001EYUWBI,742
B00004U5VK,101
B00005BW7Q,124
B0000503MO,108
B00006LEMX,195
B00004ZDFY,107
B001EYUWAO,740
B001EYUS80,707
B001EHD9ME,556
B0015Z1I4G,490
B0031SWWPO,1041
B07WPS59HY,2633
B00000I1BY,13
B00000K1VA,24
B001E909VQ,531
B00004SVV8,86
B00002ST28,42
B00004SVYE,91
B00002SVG0,57
B00005O0I7,141
B00006HBTW,184
B001EHD942,542
B001EYUOJS,632
B00005B8G1,118
B00006LELH,189
B0000C6FKA,247
B07NQ1CNVD,2550
B003FMTZSI,1077
B001EYUWAY,741
B00X3EDHZU,1967
B004ZX73I0,1273
B003S6N7OO,1133
B001E8WQGI,523
B001G60638,795
B001EHD9HO,552
B0009F3E1I,303
B0000690ZE,175
B008OGWH3A,1521
B00BQI3UQG,1609
B004L4AZ7Y,1231
B001QCWSLU,856
B0050SXQ12,1307
B004PAGJNS,1244
B000NPTOTK,408
B00006FWTW,181
B00004U1R3,97
B00005B8FZ,117
B00005UK88,155
B00002STFP,45
B00002STGL,46
B001EHD94W,543
B00002STFN,44
B00000I1B8,9
B001EYUY3Y,774
B001E91OFQ,534
B001EHD9E2,549
B001EHD96K,544
B001ELJFN2,592
B00008URUB,216
B0000A1OG4,240
B00002STYS,51
B00002SVFQ,54
B0009SQFGQ,307
B000035Y38,68
B001EYUOW0,635
B001EHD8YS,539
B001TOMQVC,862
B000038ABO,72
B000038IFX,73
B000935256,300
B000FW64ZS,365
B001ELJPOG,601
B0055WU1K2,1338
B004IWRNTC,1223
B000IMWK2G,386
B001G605VG,791
B001EYUQ96,669
B00006409Z,165
B001EYUQ1Y,660
B00004U5VI,100
B00005V6B9,157
B00006FDLP,180
B00000DMAR,3
B00GM5UIN6,1730
B000099T2E,221
B001EYUQNM,682
B00BSWYN2K,1615
B001ELJE1U,569
B000EHQDA0,344
B006NYWLLI,1405
B005IMVP0O,1361
B007K6IVOY,1449
B00005Y1BG,161
B00005R5PO,150
B00005ULXN,156
B00008DHNU,207
B00068O278,290
B001ELJPT6,605
B001EYUW72,738
B001EYUWV8,752
B001EYUW6S,737
B001EYUPJ2,647
B001EYUNHG,610
B00LV8IFUW,1853
B001G6062O,793
B0007D4MVS,295
B001EYUUWO,732
B00095LIC0,301
B07NQTN66P,2554
B00005V9Q1,160
B000B6MLV4,328
B001MW91IW,833
B006QRNKOO,1412
B00006IJJF,186
B00005NN5G,135
B001EYUR7M,696
B001EYUNW6,621
B000099T2G,222
B07X6HNKQH,2661
B0000B0MNH,246
B00020LZBG,273
B001EYURK4,699
B008KVDE7M,1516
B000S6AG9G,434
B00000K2R4,26
B001O1OBFY,836
B004HYFQ7M,1216
B001EYUY5M,776
B01N5OKM3I,2247
B07DJX3Y47,2461
B000FJEV06,353
B00BS520SG,1614
B001EYUWXQ,755
B0028Y4PVG,890
B07X43LX4N,2653
B00009WAUF,227
B00029QOQS,276
B0BN942894,2945
B07BL3DKBQ,2418
B000HE7KZC,378
B001G3B0HC,788
B0055VAB30,1336
B006ZPAYMI,1422
B0026MS1XS,884
B002I0HCNI,963
B07CJMGKNK,2437
B00Z9TJ1VQ,1998
B0050SVMYA,1286
B00IAVDQCK,1768
B00XY0IVK4,1975
B071S1FT72,2310
B07KZ6QJTL,2522
B01M1CWDM3,2218
B0083GAF12,1477
B00A39IEN8,1560
B004JSDQPU,1227
B00E3NCQTS,1687
B00OVBVME2,1909
B00S7O6R4Y,1935
B00T9Z8CHU,1945
B00O22XF0E,1894
B01579EXNS,2069
B00KWIYS3K,1834
B06Y8XBVX8,2278
B01LWJB4QT,2209
B00004XOWT,103
B00000K10U,21
B00005QX4F,149
B00005N7YR,133
B00005Q8M4,147
B001ELJE56,572
B000U34SZA,442
B0071NH8B8,1423
B003TQM4D8,1139
B0BRXYDXP7,2953
B01LYH50DX,2214
B0B9MJK753,2920
B0BMGHMP23,2941
B00EADTVL2,1691
B09DL5PMWL,2845
B00GXYEMLA,1739
B00008KTRS,212
B00KVQYJR8,1829
B002I0K3PM,982
B002JTX7HI,1002
B07NQNQ7WN,2553
B01AC0I9NW,2114
B014KXMLXG,2060
B016S5DC3M,2083
B01H1GJ7IQ,2176
B001ELJPPA,602
B000UODATY,447
B001ELWMHI,606
B00020BV2E,270
B07H3F94ZN,2495
B00000K3X9,28
B001EYUOFM,631
B00BAQXJU6,1587
B07YBXN77W,2688
B003ANMB6A,1060
B0029ZBZ0I,895
B00CH923NE,1630
B07KXFB1P8,2520
B07HVHT7XF,2504
B00267S7XW,881
B00SVVUOGU,1941
B07LCT76PQ,2528
B003URSUSE,1141
B002OLV32M,1021
B00020LZAM,271
B000099T1Y,220
B00DV16N6U,1679
B001EYUQ7I,665
B001EYUPHE,645
B001QCWSCY,848
B0026P3CE8,885
B001EHD9BU,548
B0023B14WC,877
B0128UH1VU,2043
B00MVY10CU,1876
B00TS0UFOY,1949
B011I4APHY,2039
B00WGZG8JO,1962
B00L3KU0S8,1841
B001EYUW8Q,739
B00AY1CT3G,1576
B00004WLQ6,102
B001EYUS6M,705
B0072A4GQK,1424
B001EYUR4K,694
B0154OZU4M,2067
B0136JP9OS,2049
B00NEU3Z1Y,1882
B017Y97NHM,2101
B00HLWIS72,1747
B071Y79VNL,2318
B00KSRV19E,1818
B00J4C56HC,1779
B00OBZYJ2K,1905
B01E10MWDW,2141
B00Z9TLVK0,2008
B01GY35E8Y,2164
B001HBTP34,819
B001EYUT3Y,713
B0001DI6FM,260
B001ELJFPA,595
B00317C69C,1039
B004AE6GPK,1182
B07MYVF61Y,2536
B07WXKQWTV,2643
B002BSA2LQ,909
B00BCEK2LU,1590
B008MWIALE,1520
B07VHHPJBV,2623
B0B4CRTWGM,2911
B00027CXEM,275
B00ANZR6M2,1573
B001ELJDUM,560
B07R4C3ZVH,2584
B078GYWJB4,2402
B07D3JX5DL,2448
B0045U01OG,1176
B07H5NGZQ8,2496
B001UQ704C,873
B07KZ6QJTX,2523
B002JTX5UM,995
B01MY9JB2U,2234
B01MT1DCIV,2230
B00JA81WQE,1784
B0BVPBPLZL,2957
B003BYRTEC,1066
B005OGLHM0,1371
B0BZLGZBWY,2966
B001UQ7042,872
B002FQJUQ2,932
B003INEQ0G,1082
B003ZUXQD0,1158
B002I0K6DG,984
B00BI83EVU,1603
B00D11I0AC,1649
B001EYUU1U,722
B002I0J51U,969
B003FMVLSK,1078
B001EYUQBO,671
B001EYUSSA,711
B003N63BPE,1100
B001ELJE5Q,574
B0056WJA6M,1342
B00HVWU0Q4,1756
B00AYABWYE,1577
B005OGKBPE,1367
B00ANZR7X0,1574
B008PQU3E4,1522
B009JBFF9C,1547
B01GD4928C,2149
B00000DMB6,7
B00000I1BF,10
B005WMIR4C,1379
B00Z0DNVX0,1989
B01CJI62WA,2134
B071JQRWJ7,2307
B06XDGKW2X,2264
B072199RYC,2322
B00KX766ZS,1836
B07CDY9D53,2434
B00MB1I3FU,1865
B07NVF1C8Q,2559
B08VXL4487,2806
B09T2QP4WV,2885
B000QUYHIK,425
B001EYUT6G,714
B001KN31ZM,828
B001EYUQ2I,661
B002I0H9WM,962
B002HEI450,937
B002I0EMBI,951
B000034DMG,63
B005FVBYV8,1353
B00JE5P17E,1786
B081W1VBKN,2702
B07WT56LHX,2639
B09B1L53CB,2835
B07FK8Q7RR,2479
B09VYZ4LLT,2898
B0014UGK4U,485
B000AB603U,320
B0013RC1W4,482
B001EYUSVM,712
B001FSL4BK,787
B002I0JZIS,978
B0050SW93S,1298
B0050SX1JO,1304
B09B4MJ9H3,2836
B01CEFEMFW,2131
B0050SWQ86,1302
B006MBZZSI,1404
B002RS7NB2,1022
B003BFNWD8,1061
B009MRZAUC,1550
B073GY1PRY,2347
B00ZMBLKPG,2024
B09LTXRNCC,2868
B001EYUWJK,745
B0010AYJXI,473
B005JQNF5W,1364
B07X5LZKBT,2658
B001EHD9B0,546
B001COTC3E,508
B005ZBO4VA,1384
B07P9VQ4Z8,2575
B00JBNHLFO,1785
B003HGGN82,1080
B01K1OO5PU,2194
B00000I1BS,12
B00FQDEKM0,1715
B00HM3QAWK,1749
B08CL92HPG,2743
B014SIVGAW,2064
B002I0K74Y,986
B004P7EUPA,1243
B002I0J4NE,967
B00BALK9CM,1585
B06XTCKBVM,2273
B01MXE0FKC,2233
B005185SDA,1320
B0013OM528,480
B00PDRZG9U,1913
B00O15486W,1893
B00P45U43O,1911
B001QCWSA6,847
B002I0K8SE,989
B0862GHVT9,2713
B07RQP5S8C,2595
B019EWMXWC,2110
B01JM80MV2,2192
B07G3Y68KR,2485
B00DC7G3Q8,1663
B01N10NIBP,2237
B08FXKSQDP,2757
B08NRVRF3J,2791
B000G7X5MM,370
B001LGFPSY,832
B0031Q7N1E,1040
B002I08UPC,941
B004QWYRMU,1249
B004CVWETI,1192
B0050SW1WW,1292
B015Z31TVA,2077
B01A14NWDQ,2112
B075MYT126,2378
B00421B36S,1166
B000OPPR2C,414
B000K9OR4Q,394
B001E91OLK,535
B002I0K7DK,988
B006HZA7Y6,1392
B002I0JC72,976
B09V25XG1G,2893
B06XY6L858,2275
B0057PERH0,1344
B071J3CJHQ,2304
B00IPTUJ8G,1773
B01KK2NFU4,2196
B07FKN3SKR,2480
B00DQNEUXG,1674
B017W17G1U,2098
B07X2H4KDG,2647
B00I5LMSE2,1761
B0050SVOXE,1290
B000B6MLPU,326
B0062UOD8M,1386
B000TZI2FQ,440
B00BI9MDSO,1604
B00NMUYBZA,1887
B00XCZ3PMK,1972
B00A878J5I,1563
B00L3LQ4B4,1843
B00R0ZS9YW,1926
B00Z9THPWS,1993
B00YJJ0OQS,1982
B00YDFM3FI,1981
B001EYUQXW,693
B072HGLS26,2334
B000067DPD,172
B07VRYBGXL,2627
B008I2LRJA,1512
B001EYUWL8,746
B006HZA9XU,1394
B002W8SBIG,1027
B008AJETV4,1497
B0055ARKZI,1333
B00MOQWBQ4,1869
B08XQM7786,2813
B06ZZ6FGGL,2286
B07PTMKYS7,2578
B001E8WRE4,530
B002JTX9KI,1010
B07VR26ND8,2626
B07DXCZZYR,2471
B002I08RR8,940
B008GFZV6Y,1510
B001KN317K,827
B0006GBCZU,293
B00NMV2F9I,1888
B00RUZPKYY,1931
B01B61X1UC,2123
B001G7PSGW,808
B009I6FWOQ,1545
B01MRGTU2D,2228
B00WOK8Z74,1965
B001E58B1K,522
B00FE8WKPQ,1712
B0049H2W74,1181
B00DBRNRPE,1659
B0151K6J9Y,2066
B0079V29EI,1431
B0041RY3W4,1163
B002I0K6X6,985
B003171CEW,1038
B072K62L3S,2336
B00FA1CL06,1710
B001TD6SK8,860
B072M6WZSY,2341
B01LYNI9Y5,2215
B01LDUYU60,2203
B001IADHKG,822
B002I0GXWO,958
B00BHV29Y6,1601
B00DBRNQZ0,1658
B009GWKP76,1544
B00M3D8CFM,1858
B0033764FC,1044
B00G6GQL0A,1723
B00005LABK,127
B00005NZ1J,138
B0C5JVWJC7,2980
B0084B7FZK,1481
B005GISQQG,1358
B0072A4JTY,1425
B07P2LY81M,2565
B017W17G4M,2099
B0126MKTBO,2042
B01574SORE,2068
B07NV7BG67,2558
B073SBW5W6,2350
B00H727K20,1742
B004AYCNQ6,1185
B079FGT22K,2409
B01HC0LG0S,2178
B001G7PSIU,809
B0050SYYTK,1314
B00009WAUO,231
B071D51YKL,2298
B0719W8QL3,2295
B09LTXBY4M,2867
B001EYUT70,716
B07H13GWRH,2494
B07NLMG14J,2545
B002JTX9RQ,1014
B004AM656M,1183
B001TOMR6Q,863
B002I0JNFI,977
B004Y3HXXQ,1268
B0001OK7VW,263
B001EYUQKK,678
B002EE5SAC,928
B002HJYKG2,938
B000G7PMX2,369
B009AFLXQQ,1537
B009Q5XGO2,1552
B00B67ZS3U,1580
B004HCYVO8,1203
B001EYUT7A,717
B07P3RTHFD,2567
B00KU1GVGG,1822
B006YDPU48,1421
B00AT0CNDS,1575
B01HE5SXFM,2181
B007R4X3AG,1457
B008HPAXZ2,1511
B00MNP9PD8,1868
B07MRJ12HX,2534
B00B3PEWQE,1579
B07M8ZXQR6,2529
B000CBCVFE,337
B075MJLB5B,2377
B07YBXNPSZ,2689
B071JYPVHC,2308
B0116BBW5S,2033
B0BS17DWCR,2954
B01FWN9DOS,2147
B00KSY5486,1820
B0093G9VOI,1532
B01N7XUY14,2253
B01MG5O4JI,2225
B0049DYNNO,1180
B00X8XIN7S,1969
B000RF7164,432
B06ZYHGVL1,2283
B000UW1YBW,449
B001ELJFGE,590
B009T3EY1A,1555
B0000D12XI,249
B0002ILS24,284
B00005B70K,116
B00005YVTW,163
B000MFOOLY,401
B001EYUS6C,704
B001EYUWN6,747
B001DJ3GTO,517
B06XSMSL45,2272
B004AOGVHS,1184
B01M6CV5IF,2222
B001QCWSJC,855
B001TOQ8K2,864
B00OBZNI0O,1904
B06XCXQN92,2263
B002I09286,945
B006FRMVIQ,1390
B073SC6V1D,2351
B008277M0E,1476
B01N4X95QL,2245
B0080CAO9C,1473
B002DC8GKO,926
B0BW11RQPT,2959
B002I0GU2M,957
B07BWH4CC4,2423
B0001AO01Y,258
B0199OXR0W,2109
B007VYW5Y2,1464
B002GCFI2K,935
B002BSC4ZS,913
B001EYUWY0,756
B00005MDZY,130
B000051QDD,110
B00YC7DZP4,1980
B012TRQKZA,2046
B01N6QPWBV,2250
B00QRDQ9HM,1925
B004K1EA5G,1228
B01LXBBM0K,2210
B01N7VUOPH,2252
B07B9SMBG5,2413
B0743X12TX,2360
B00IUFK9F8,1776
B088DCPM2P,2733
B0716CXJ1R,2292
B09WBQQ6XT,2899
B07JVQLSLY,2514
B001EYUPOM,654
B0050SVGW8,1281
B071GPJVTQ,2303
B01N33OBYK,2241
B003UT9XJM,1142
B001G7PS44,806
B00MAPYKPO,1864
B0009SQF0C,306
B0029F2FB6,892
B0041CWZEM,1160
B001EYURFO,697
B073XJX6GW,2356
B00420K18K,1165
B00FUC6T0S,1716
B00000DMAT,4
B000FW64OY,364
B001W0Y5VM,876
B003O6EE4U,1111
B006PP3ZK6,1408
B00OZZ21T4,1910
B07WPFTLGK,2631
B0108YZCYQ,2031
B000UZVL58,452
B07MR9FH51,2533
B00CH9253W,1631
B07114C4TL,2289
B07NP34CW1,2548
B00004SA3J,80
B001EYUNXK,622
B00XR3YBM0,1974
B000035Y2Q,67
B000HE9LEK,379
B00004SVRR,82
B001G60JHQ,799
B017W16ZUI,2094
B00004SVYF,92
B004V61HL0,1260
B008UTF3W8,1526
B0000AI1KE,243
B0009WPZPE,312
B07X2LNHGB,2649
B071CZ2X6L,2297
B073X4RF9Q,2355
B0018BELN2,497
B001EYUY7K,778
B00030GS8A,289
B08DY6CTRG,2749
B0C7BHF843,2987
B0038MTE7C,1052
B00136MBHA,476
B003VR5PPY,1145
B002JTX7IM,1003
B001QCWSEW,850
B005YR0T2I,1380
B0001B15RA,259
B00KSVXSZU,1819
B07BMRGKX2,2420
B0000488VP,75
B002I0GKA4,955
B0731QNDY6,2345
B07X13HNK3,2645
B000FQBPDU,360
B000084314,204
B07TP6LFQH,2611
B000SSQPU8,437
B003O8EDUS,1116
B0010YOQIM,475
B078S9S2XF,2403
B001EYUQMI,680
B002BG1PXM,901
B0053B7ICO,1327
B003O6G114,1113
B07V6V93M1,2620
B0050SXUT0,1308
B001CTL5GQ,510
B001NJMMHG,834
B004EVWYYG,1197
B006WVJY6C,1420
B01LB4KHF6,2201
B005GISPMQ,1356
B003O680ZY,1105
B001ELJDZ2,567
B001EYUQKU,679
B0044R8X9U,1171
B001EHD9BK,547
B0050SZ87W,1318
B00020V4N0,274
B071LQD2Y7,2309
B002I0K956,990
B001H0RZX2,816
B00BKWQA2Y,1606
B01GVE4ZXQ,2156
B00008JODN,210
B00GM6179Y,1732
B001EYUNMG,613
B001ELJPKA,600
B001FRA16A,784
B00004SWL9,94
B0050SWNZW,1301
B00JVUKSKC,1791
B00IIHU44E,1772
B007WPGT2Y,1469
B01I59OC92,2183
B00NJ0HTH0,1885
B0028Y4PV6,889
B003RRXW0I,1130
B018V3ISJ2,2106
B07R7XQZXK,2590
B001DLUESI,518
B00AK4QB22,1568
B00008I800,209
B001EYUWDG,744
B001EYUWBS,743
B002JTX6B0,998
B00000K1VE,25
B00007KQC1,201
B0000TSRA6,251
B07CZXQS2V,2444
B004ZCPKS6,1271
B09V3MBFDT,2894
B001CU4EJ0,511
B000NUBY0C,409
B003TLNHCK,1137
B0052WG9II,1324
B004ZX75AQ,1275
B003O3EFY2,1103
B00006LEM3,193
B008GEH8LQ,1508
B00EV4O8VS,1702
B001EYUQUU,686
B001EYUQV4,687
B001EYUQAU,670
B0B11Z2PYX,2905
B000090W86,217
B01APBAMHE,2120
B001UIG6M2,870
B006HZA8EA,1393
B00JVUKW62,1792
B000B69E96,323
B000Q6J51S,423
B07NN5P587,2547
B01DUHQIL4,2140
B00C1ZBFTW,1620
B000784XG2,294
B001C6GVI6,506
B001EYUTC0,719
B0001NE48U,262
B01AC3Z9J6,2115
B000035XR9,65
B00002SVG3,58
B07PMFPQBC,2577
B08LNPL2J8,2772
B01M5BODWT,2220
B001EYUPL0,649
B00000J2W7,18
B0050SVGXM,1282
B000WQ3838,461
B00H45K6LW,1741
B004JHJHCC,1226
B000GIXIPK,373
B00008KU9T,213
B00005BJ9G,121
B00002STGR,47
B002EE7OKE,929
B00006LEM2,192
B001EYUNUI,618
B00005RKO7,152
B00EVPR4FY,1703
B07YBX6T9P,2676
B00269DXXO,882
B008MO6B1S,1519
B006JKAS16,1399
B000TUZCQI,439
B00005AV8O,114
B00004SVPT,81
B001EYUNJE,611
B000HCL5QO,376
B001EHD9FQ,550
B001QCWSJ2,854
B00000K117,22
B00004S99R,77
B001ELJPR8,603
B001EYUXUI,768
B00019AZBO,254
B0009SQFHK,308
B001EYUXT4,767
B001EYUOXY,636
B001EYUQ8W,668
B00006M3R6,196
B0009Z3MQ0,316
B000KRXA28,395
B000NPOGWK,407
B000O5I0F8,410
B003C1PV9Y,1068
B001EYUPBU,641
B001EYUUF6,731
B0019SY1D4,499
B001UO5WEO,871
B0030GBSUC,1033
B0056YAIZW,1343
B005A0MBR0,1345
B002BWOW4U,919
B003O6E620,1106
B00002STXS,50
B00000INR2,14
B0072I2240,1427
B00DC7FWRE,1660
B009S4JTTC,1553
B09G6MPGW7,2851
B003JBHG9K,1088
B005D7G3LA,1347
B004UPBXDO,1258
B001ELJFO6,593
B001EYUQI2,674
B00001KUII,30
B00005Y4Q1,162
B000CQIDTC,339
B004WL4LOY,1265
B00005OLWB,144
B0728CRKP2,2330
B08Y8V7QKM,2816
B000MJB0H6,403
B000U34SYQ,441
B001EYURUE,701
B001ELJPJ6,597
B001BP4JY6,504
B0041S1MVI,1164
B001KX504C,829
B0009UC6AI,309
B000066RKC,170
B003JKK6FM,1089
B0029NZ4HA,894
B002I0K780,987
B001E8WQUY,529
B00005T7ZN,153
B003O680RM,1104
B000XJNTQ0,465
B0001NBNGG,261
B000E0OCR8,340
B00E3C4CIM,1685
B015O2T0G8,2072
B00ZJBSBD8,2017
B00GZ1H07Y,1740
B00GX330XW,1737
B00FKV8AK6,1713
B000S0C2UI,433
B0023CC0M4,878
B015PXH9S2,2074
B0050SZ7D2,1316
B01IFE1XV2,2188
B00F6YD2AK,1708
B002I0EPP6,952
B003QP30O4,1124
B003FBL86Q,1076
B00UJ9LSI0,1952
B00F6YD26Y,1707
B004N3BY3C,1237
B00005OARM,143
B07X2LWBXB,2650
B00012BSJ4,253
B00005ATSM,111
B00005ATSN,112
B002FG9MWE,931
B0015ACX3Q,487
B001BKLD9A,502
B00004SVTT,85
B0042R81XU,1168
B000GPVUOY,374
B000B6ML0U,325
B001EYUQ4G,662
B001IKHVTE,823
B01JHQURLY,2190
B00009WAUK,229
B00030GS80,288
B0000A09EP,237
B000035Y6N,70
B0007L8GPI,296
B00006IR62,188
B000WMEEAI,458
B00IA4455Y,1764
B002I0H738,960
B003Q9RGRW,1122
B008J16AGA,1513
B0001ZZNME,267
B0007TFLLC,299
B000B8J7K0,329
B004NBXRDE,1239
B00005AV86,113
B008BG3B2Y,1501
B09TSDB5PX,2889
B005FMLXW2,1351
B078YM9ZL5,2404
B00002SVNY,59
B000035Y7H,71
B00002NDRY,39
B00C3MK9BS,1622
B000HKMPVA,383
B07X56VM5R,2657
B099M4S2YW,2833
B0BNXFVLWZ,2947
B00029QQNY,277
B00019AZC8,255
B003S9WJ9A,1135
B00KO3FWJW,1809
B00009WAUZ,232
B00104KCF8,472
B000021Y5P,35
B0009R1T9K,305
B004J17XZ6,1224
B002WDL53O,1028
B0C37RBK2R,2971
B0000DJX7I,250
B01MRI24JT,2229
B0038MVFYC,1053
B001ELJFOQ,594
B000X2RKOO,463
B07P1CSM6S,2563
B00002EPZ2,38
B001EYUXI0,764
B001ELJEJW,585
B00005NN5L,136
B09B4RT164,2837
B001E8WQHW,524
B004HM279O,1213
B00A8306C6,1562
B002I0J8RQ,973
B01IFE2OFG,2189
B000GACEHQ,372
B005UUO8FS,1376
B000ZK695U,467
B00G237L7Y,1721
B000A4T1U6,319
B00ANGVX9I,1571
B00020BV1A,269
B003MP9KOC,1097
B002VH7Q20,1026
B003XIHXVA,1149
B0001ZZNNI,268
