query_item,Full_SSA_time,Full_SSA_count,baseline_empty,Full_PRA_time,Full_PRA_count,Hybrid_SSA_GlobalAvg_time,Hybrid_SSA_GlobalAvg_cands,Hybrid_SSA_GlobalAvg_pruning,Hybrid_SSA_GlobalAvg_tp,Hybrid_SSA_GlobalAvg_fp,Hybrid_SSA_GlobalAvg_fn,Hybrid_SSA_GlobalAvg_prec,Hybrid_SSA_GlobalAvg_recall,Hybrid_SSA_GlobalAvg_f1,Hybrid_SSA_GlobalAvg_exact,Hybrid_PRA_GlobalAvg_time,Hybrid_PRA_GlobalAvg_cands,Hybrid_PRA_GlobalAvg_pruning,Hybrid_PRA_GlobalAvg_tp,Hybrid_PRA_GlobalAvg_fp,Hybrid_PRA_GlobalAvg_fn,Hybrid_PRA_GlobalAvg_prec,Hybrid_PRA_GlobalAvg_recall,Hybrid_PRA_GlobalAvg_f1,Hybrid_PRA_GlobalAvg_exact,Hybrid_SSA_UnionWin_time,Hybrid_SSA_UnionWin_cands,Hybrid_SSA_UnionWin_pruning,Hybrid_SSA_UnionWin_tp,Hybrid_SSA_UnionWin_fp,Hybrid_SSA_UnionWin_fn,Hybrid_SSA_UnionWin_prec,Hybrid_SSA_UnionWin_recall,Hybrid_SSA_UnionWin_f1,Hybrid_SSA_UnionWin_exact,Hybrid_PRA_UnionWin_time,Hybrid_PRA_UnionWin_cands,Hybrid_PRA_UnionWin_pruning,Hybrid_PRA_UnionWin_tp,Hybrid_PRA_UnionWin_fp,Hybrid_PRA_UnionWin_fn,Hybrid_PRA_UnionWin_prec,Hybrid_PRA_UnionWin_recall,Hybrid_PRA_UnionWin_f1,Hybrid_PRA_UnionWin_exact,Hybrid_SSA_DurableRank_time,Hybrid_SSA_DurableRank_cands,Hybrid_SSA_DurableRank_pruning,Hybrid_SSA_DurableRank_tp,Hybrid_SSA_DurableRank_fp,Hybrid_SSA_DurableRank_fn,Hybrid_SSA_DurableRank_prec,Hybrid_SSA_DurableRank_recall,Hybrid_SSA_DurableRank_f1,Hybrid_SSA_DurableRank_exact,Hybrid_PRA_DurableRank_time,Hybrid_PRA_DurableRank_cands,Hybrid_PRA_DurableRank_pruning,Hybrid_PRA_DurableRank_tp,Hybrid_PRA_DurableRank_fp,Hybrid_PRA_DurableRank_fn,Hybrid_PRA_DurableRank_prec,Hybrid_PRA_DurableRank_recall,Hybrid_PRA_DurableRank_f1,Hybrid_PRA_DurableRank_exact,Hybrid_SSA_LegacyMinRank_time,Hybrid_SSA_LegacyMinRank_cands,Hybrid_SSA_LegacyMinRank_pruning,Hybrid_SSA_LegacyMinRank_tp,Hybrid_SSA_LegacyMinRank_fp,Hybrid_SSA_LegacyMinRank_fn,Hybrid_SSA_LegacyMinRank_prec,Hybrid_SSA_LegacyMinRank_recall,Hybrid_SSA_LegacyMinRank_f1,Hybrid_SSA_LegacyMinRank_exact,Hybrid_PRA_LegacyMinRank_time,Hybrid_PRA_LegacyMinRank_cands,Hybrid_PRA_LegacyMinRank_pruning,Hybrid_PRA_LegacyMinRank_tp,Hybrid_PRA_LegacyMinRank_fp,Hybrid_PRA_LegacyMinRank_fn,Hybrid_PRA_LegacyMinRank_prec,Hybrid_PRA_LegacyMinRank_recall,Hybrid_PRA_LegacyMinRank_f1,Hybrid_PRA_LegacyMinRank_exact
1301,1.2192769050598145,8,False,1.1332247257232666,8,0.015381097793579102,15,0.9968193384223919,7,0,1,1.0,0.875,0.9333333333333333,False,0.012884140014648438,15,0.9968193384223919,7,0,1,1.0,0.875,0.9333333333333333,False,0.07625865936279297,34,0.9927905004240882,8,0,0,1.0,1.0,1.0,True,0.03814220428466797,34,0.9927905004240882,8,0,0,1.0,1.0,1.0,True,0.03990364074707031,15,0.9968193384223919,8,0,0,1.0,1.0,1.0,True,0.05944371223449707,15,0.9968193384223919,8,0,0,1.0,1.0,1.0,True,0.3936893939971924,15,0.9968193384223919,0,0,8,0.0,0.0,0.0,False,0.39533400535583496,15,0.9968193384223919,0,0,8,0.0,0.0,0.0,False
2799,0.9801664352416992,9,False,0.9762544631958008,9,0.014781475067138672,15,0.9968193384223919,8,1,1,0.8888888888888888,0.8888888888888888,0.8888888888888888,False,0.017985105514526367,15,0.9968193384223919,8,1,1,0.8888888888888888,0.8888888888888888,0.8888888888888888,False,0.06083869934082031,39,0.9917302798982188,8,1,1,0.8888888888888888,0.8888888888888888,0.8888888888888888,False,0.06507253646850586,39,0.9917302798982188,8,1,1,0.8888888888888888,0.8888888888888888,0.8888888888888888,False,0.057263851165771484,15,0.9968193384223919,8,1,1,0.8888888888888888,0.8888888888888888,0.8888888888888888,False,0.05677628517150879,15,0.9968193384223919,8,1,1,0.8888888888888888,0.8888888888888888,0.8888888888888888,False,0.28878140449523926,15,0.9968193384223919,0,0,9,0.0,0.0,0.0,False,0.25968289375305176,15,0.9968193384223919,0,0,9,0.0,0.0,0.0,False
1993,0.9401688575744629,3,False,1.0008323192596436,3,0.0166628360748291,15,0.9968193384223919,3,0,0,1.0,1.0,1.0,True,0.0160982608795166,15,0.9968193384223919,3,0,0,1.0,1.0,1.0,True,0.05392885208129883,34,0.9927905004240882,3,0,0,1.0,1.0,1.0,True,0.051378726959228516,34,0.9927905004240882,3,0,0,1.0,1.0,1.0,True,0.0494236946105957,15,0.9968193384223919,3,0,0,1.0,1.0,1.0,True,0.05101299285888672,15,0.9968193384223919,3,0,0,1.0,1.0,1.0,True,0.3007063865661621,15,0.9968193384223919,0,0,3,0.0,0.0,0.0,False,0.2582879066467285,15,0.9968193384223919,0,0,3,0.0,0.0,0.0,False
1376,0.8641490936279297,7,False,0.8467147350311279,7,0.010461807250976562,15,0.9968193384223919,7,0,0,1.0,1.0,1.0,True,0.01018071174621582,15,0.9968193384223919,7,0,0,1.0,1.0,1.0,True,0.029636859893798828,25,0.9946988973706531,7,0,0,1.0,1.0,1.0,True,0.029496431350708008,25,0.9946988973706531,7,0,0,1.0,1.0,1.0,True,0.03141069412231445,15,0.9968193384223919,7,0,0,1.0,1.0,1.0,True,0.03136014938354492,15,0.9968193384223919,7,0,0,1.0,1.0,1.0,True,0.28005146980285645,15,0.9968193384223919,0,0,7,0.0,0.0,0.0,False,0.29825639724731445,15,0.9968193384223919,0,0,7,0.0,0.0,0.0,False
1318,0.9922223091125488,13,False,0.9407730102539062,13,0.010980606079101562,15,0.9968193384223919,10,0,3,1.0,0.7692307692307693,0.8695652173913044,False,0.012880802154541016,15,0.9968193384223919,10,0,3,1.0,0.7692307692307693,0.8695652173913044,False,0.03779339790344238,31,0.9934266327396098,13,0,0,1.0,1.0,1.0,True,0.044782161712646484,31,0.9934266327396098,13,0,0,1.0,1.0,1.0,True,0.03949284553527832,15,0.9968193384223919,13,0,0,1.0,1.0,1.0,True,0.049449920654296875,15,0.9968193384223919,13,0,0,1.0,1.0,1.0,True,0.32512354850769043,15,0.9968193384223919,0,0,13,0.0,0.0,0.0,False,0.3033175468444824,15,0.9968193384223919,0,0,13,0.0,0.0,0.0,False
2293,0.8579998016357422,11,False,0.9652807712554932,11,0.015665531158447266,15,0.9968193384223919,5,0,6,1.0,0.45454545454545453,0.625,False,0.016074180603027344,15,0.9968193384223919,5,0,6,1.0,0.45454545454545453,0.625,False,0.05919051170349121,44,0.9906700593723494,11,0,0,1.0,1.0,1.0,True,0.06017637252807617,44,0.9906700593723494,11,0,0,1.0,1.0,1.0,True,0.05242800712585449,15,0.9968193384223919,11,0,0,1.0,1.0,1.0,True,0.05161929130554199,15,0.9968193384223919,11,0,0,1.0,1.0,1.0,True,0.36975812911987305,15,0.9968193384223919,0,0,11,0.0,0.0,0.0,False,0.4246480464935303,15,0.9968193384223919,0,0,11,0.0,0.0,0.0,False
455,1.1171700954437256,13,False,1.161292552947998,13,0.014110326766967773,15,0.9968193384223919,9,0,4,1.0,0.6923076923076923,0.8181818181818181,False,0.011774778366088867,15,0.9968193384223919,9,0,4,1.0,0.6923076923076923,0.8181818181818181,False,0.05022883415222168,34,0.9927905004240882,13,0,0,1.0,1.0,1.0,True,0.053873538970947266,34,0.9927905004240882,13,0,0,1.0,1.0,1.0,True,0.05089688301086426,15,0.9968193384223919,13,0,0,1.0,1.0,1.0,True,0.05122542381286621,15,0.9968193384223919,13,0,0,1.0,1.0,1.0,True,0.48801684379577637,15,0.9968193384223919,0,0,13,0.0,0.0,0.0,False,0.3177316188812256,15,0.9968193384223919,0,0,13,0.0,0.0,0.0,False
965,0.961022138595581,4,False,1.0227279663085938,4,0.010119199752807617,15,0.9968193384223919,4,0,0,1.0,1.0,1.0,True,0.01154184341430664,15,0.9968193384223919,4,0,0,1.0,1.0,1.0,True,0.04011821746826172,42,0.9910941475826972,4,0,0,1.0,1.0,1.0,True,0.045532941818237305,42,0.9910941475826972,4,0,0,1.0,1.0,1.0,True,0.04884934425354004,15,0.9968193384223919,4,0,0,1.0,1.0,1.0,True,0.049154043197631836,15,0.9968193384223919,4,0,0,1.0,1.0,1.0,True,0.31226515769958496,15,0.9968193384223919,0,0,4,0.0,0.0,0.0,False,0.33487486839294434,15,0.9968193384223919,0,0,4,0.0,0.0,0.0,False
485,1.013800859451294,5,False,0.8676235675811768,5,0.013016462326049805,15,0.9968193384223919,5,0,0,1.0,1.0,1.0,True,0.013695955276489258,15,0.9968193384223919,5,0,0,1.0,1.0,1.0,True,0.04216122627258301,38,0.9919423240033927,5,0,0,1.0,1.0,1.0,True,0.05963635444641113,38,0.9919423240033927,5,0,0,1.0,1.0,1.0,True,0.05784034729003906,15,0.9968193384223919,5,0,0,1.0,1.0,1.0,True,0.04465746879577637,15,0.9968193384223919,5,0,0,1.0,1.0,1.0,True,0.26192283630371094,15,0.9968193384223919,0,0,5,0.0,0.0,0.0,False,0.33258891105651855,15,0.9968193384223919,0,0,5,0.0,0.0,0.0,False
2088,0.7356815338134766,2,False,0.9367680549621582,2,0.012039422988891602,15,0.9968193384223919,2,0,0,1.0,1.0,1.0,True,0.013088464736938477,15,0.9968193384223919,2,0,0,1.0,1.0,1.0,True,0.04829549789428711,50,0.9893977947413062,2,0,0,1.0,1.0,1.0,True,0.04839444160461426,50,0.9893977947413062,2,0,0,1.0,1.0,1.0,True,0.030783414840698242,15,0.9968193384223919,2,0,0,1.0,1.0,1.0,True,0.03139090538024902,15,0.9968193384223919,2,0,0,1.0,1.0,1.0,True,0.30075573921203613,15,0.9968193384223919,0,0,2,0.0,0.0,0.0,False,0.332334041595459,15,0.9968193384223919,0,0,2,0.0,0.0,0.0,False
532,1.010096549987793,9,False,0.8367547988891602,9,0.011669397354125977,15,0.9968193384223919,8,0,1,1.0,0.8888888888888888,0.9411764705882353,False,0.013488054275512695,15,0.9968193384223919,8,0,1,1.0,0.8888888888888888,0.9411764705882353,False,0.05417299270629883,43,0.9908821034775234,9,0,0,1.0,1.0,1.0,True,0.05456233024597168,43,0.9908821034775234,9,0,0,1.0,1.0,1.0,True,0.049726247787475586,15,0.9968193384223919,9,0,0,1.0,1.0,1.0,True,0.04912161827087402,15,0.9968193384223919,9,0,0,1.0,1.0,1.0,True,0.2634403705596924,15,0.9968193384223919,0,0,9,0.0,0.0,0.0,False,0.330380916595459,15,0.9968193384223919,0,0,9,0.0,0.0,0.0,False
1468,0.9445490837097168,3,False,0.8509120941162109,3,0.012091875076293945,15,0.9968193384223919,3,0,0,1.0,1.0,1.0,True,0.015814781188964844,15,0.9968193384223919,3,0,0,1.0,1.0,1.0,True,0.05224418640136719,39,0.9917302798982188,3,0,0,1.0,1.0,1.0,True,0.05064678192138672,39,0.9917302798982188,3,0,0,1.0,1.0,1.0,True,0.04914116859436035,15,0.9968193384223919,3,0,0,1.0,1.0,1.0,True,0.05177617073059082,15,0.9968193384223919,3,0,0,1.0,1.0,1.0,True,0.34262943267822266,15,0.9968193384223919,0,0,3,0.0,0.0,0.0,False,0.29051852226257324,15,0.9968193384223919,0,0,3,0.0,0.0,0.0,False
1256,1.0772411823272705,11,False,1.091712474822998,11,0.01619267463684082,15,0.9968193384223919,6,0,5,1.0,0.5454545454545454,0.7058823529411764,False,0.015793800354003906,15,0.9968193384223919,6,0,5,1.0,0.5454545454545454,0.7058823529411764,False,0.03474569320678711,38,0.9919423240033927,10,0,1,1.0,0.9090909090909091,0.9523809523809523,False,0.03452134132385254,38,0.9919423240033927,10,0,1,1.0,0.9090909090909091,0.9523809523809523,False,0.030293703079223633,15,0.9968193384223919,10,0,1,1.0,0.9090909090909091,0.9523809523809523,False,0.0291593074798584,15,0.9968193384223919,10,0,1,1.0,0.9090909090909091,0.9523809523809523,False,0.30480384826660156,15,0.9968193384223919,0,0,11,0.0,0.0,0.0,False,0.29424095153808594,15,0.9968193384223919,0,0,11,0.0,0.0,0.0,False
2405,0.9770326614379883,10,False,0.8179981708526611,10,0.011490583419799805,15,0.9968193384223919,10,0,0,1.0,1.0,1.0,True,0.012360334396362305,15,0.9968193384223919,10,0,0,1.0,1.0,1.0,True,0.03687691688537598,28,0.9940627650551315,10,0,0,1.0,1.0,1.0,True,0.04791831970214844,28,0.9940627650551315,10,0,0,1.0,1.0,1.0,True,0.049822092056274414,15,0.9968193384223919,10,0,0,1.0,1.0,1.0,True,0.04886603355407715,15,0.9968193384223919,10,0,0,1.0,1.0,1.0,True,0.30474019050598145,15,0.9968193384223919,0,0,10,0.0,0.0,0.0,False,0.37163734436035156,15,0.9968193384223919,0,0,10,0.0,0.0,0.0,False
1098,1.0241689682006836,7,False,1.0468544960021973,7,0.017647266387939453,15,0.9968193384223919,7,0,0,1.0,1.0,1.0,True,0.016169309616088867,15,0.9968193384223919,7,0,0,1.0,1.0,1.0,True,0.049509286880493164,41,0.991306191687871,7,0,0,1.0,1.0,1.0,True,0.055374860763549805,41,0.991306191687871,7,0,0,1.0,1.0,1.0,True,0.048688650131225586,15,0.9968193384223919,7,0,0,1.0,1.0,1.0,True,0.04886674880981445,15,0.9968193384223919,7,0,0,1.0,1.0,1.0,True,0.30372190475463867,15,0.9968193384223919,0,0,7,0.0,0.0,0.0,False,0.30455470085144043,15,0.9968193384223919,0,0,7,0.0,0.0,0.0,False
2025,0.9495236873626709,7,False,0.8839948177337646,7,0.014832496643066406,15,0.9968193384223919,7,1,0,0.875,1.0,0.9333333333333333,False,0.01662158966064453,15,0.9968193384223919,7,1,0,0.875,1.0,0.9333333333333333,False,0.05253744125366211,34,0.9927905004240882,7,1,0,0.875,1.0,0.9333333333333333,False,0.0531153678894043,34,0.9927905004240882,7,1,0,0.875,1.0,0.9333333333333333,False,0.04916691780090332,15,0.9968193384223919,7,1,0,0.875,1.0,0.9333333333333333,False,0.05042266845703125,15,0.9968193384223919,7,1,0,0.875,1.0,0.9333333333333333,False,0.338778018951416,15,0.9968193384223919,0,0,7,0.0,0.0,0.0,False,0.305492639541626,15,0.9968193384223919,0,0,7,0.0,0.0,0.0,False
2485,0.897937536239624,1,False,0.9986321926116943,1,0.014280557632446289,15,0.9968193384223919,1,0,0,1.0,1.0,1.0,True,0.013108491897583008,15,0.9968193384223919,1,0,0,1.0,1.0,1.0,True,0.052847862243652344,39,0.9917302798982188,1,0,0,1.0,1.0,1.0,True,0.05278372764587402,39,0.9917302798982188,1,0,0,1.0,1.0,1.0,True,0.0496363639831543,15,0.9968193384223919,1,0,0,1.0,1.0,1.0,True,0.0491032600402832,15,0.9968193384223919,1,0,0,1.0,1.0,1.0,True,0.3387579917907715,15,0.9968193384223919,0,0,1,0.0,0.0,0.0,False,0.3121519088745117,15,0.9968193384223919,0,0,1,0.0,0.0,0.0,False
585,1.0163195133209229,6,False,1.0290210247039795,6,0.012493371963500977,15,0.9968193384223919,6,0,0,1.0,1.0,1.0,True,0.012443780899047852,15,0.9968193384223919,6,0,0,1.0,1.0,1.0,True,0.04337263107299805,33,0.9930025445292621,6,0,0,1.0,1.0,1.0,True,0.04884839057922363,33,0.9930025445292621,6,0,0,1.0,1.0,1.0,True,0.04874920845031738,15,0.9968193384223919,6,0,0,1.0,1.0,1.0,True,0.037049293518066406,15,0.9968193384223919,6,0,0,1.0,1.0,1.0,True,0.34804725646972656,15,0.9968193384223919,0,0,6,0.0,0.0,0.0,False,0.31796908378601074,15,0.9968193384223919,0,0,6,0.0,0.0,0.0,False
2602,0.9310431480407715,3,False,0.8622443675994873,3,0.010073661804199219,15,0.9968193384223919,3,0,0,1.0,1.0,1.0,True,0.01203465461730957,15,0.9968193384223919,3,0,0,1.0,1.0,1.0,True,0.053403377532958984,38,0.9919423240033927,3,0,0,1.0,1.0,1.0,True,0.05284571647644043,38,0.9919423240033927,3,0,0,1.0,1.0,1.0,True,0.04981231689453125,15,0.9968193384223919,3,0,0,1.0,1.0,1.0,True,0.04969525337219238,15,0.9968193384223919,3,0,0,1.0,1.0,1.0,True,0.3311767578125,15,0.9968193384223919,0,0,3,0.0,0.0,0.0,False,0.32115817070007324,15,0.9968193384223919,0,0,3,0.0,0.0,0.0,False
2863,0.8898615837097168,19,False,0.9715166091918945,19,0.010312080383300781,15,0.9968193384223919,15,0,4,1.0,0.7894736842105263,0.8823529411764706,False,0.012779474258422852,15,0.9968193384223919,15,0,4,1.0,0.7894736842105263,0.8823529411764706,False,0.03690958023071289,29,0.9938507209499576,19,0,0,1.0,1.0,1.0,True,0.032607078552246094,29,0.9938507209499576,19,0,0,1.0,1.0,1.0,True,0.03519129753112793,15,0.9968193384223919,15,0,4,1.0,0.7894736842105263,0.8823529411764706,False,0.03081345558166504,15,0.9968193384223919,15,0,4,1.0,0.7894736842105263,0.8823529411764706,False,0.336270809173584,15,0.9968193384223919,0,0,19,0.0,0.0,0.0,False,0.30884766578674316,15,0.9968193384223919,0,0,19,0.0,0.0,0.0,False
665,1.00600266456604,6,False,0.9915726184844971,6,0.009957313537597656,15,0.9968193384223919,6,0,0,1.0,1.0,1.0,True,0.011181116104125977,15,0.9968193384223919,6,0,0,1.0,1.0,1.0,True,0.03882408142089844,37,0.9921543681085666,6,0,0,1.0,1.0,1.0,True,0.057045936584472656,37,0.9921543681085666,6,0,0,1.0,1.0,1.0,True,0.048981666564941406,15,0.9968193384223919,6,0,0,1.0,1.0,1.0,True,0.0478975772857666,15,0.9968193384223919,6,0,0,1.0,1.0,1.0,True,0.334500789642334,15,0.9968193384223919,0,0,6,0.0,0.0,0.0,False,0.3535573482513428,15,0.9968193384223919,0,0,6,0.0,0.0,0.0,False
2727,1.1232764720916748,9,False,1.1391587257385254,9,0.013188362121582031,15,0.9968193384223919,9,1,0,0.9,1.0,0.9473684210526316,False,0.01535654067993164,15,0.9968193384223919,9,1,0,0.9,1.0,0.9473684210526316,False,0.059044837951660156,30,0.9936386768447837,9,1,0,0.9,1.0,0.9473684210526316,False,0.0625467300415039,30,0.9936386768447837,9,1,0,0.9,1.0,0.9473684210526316,False,0.0347599983215332,15,0.9968193384223919,9,1,0,0.9,1.0,0.9473684210526316,False,0.04987144470214844,15,0.9968193384223919,9,1,0,0.9,1.0,0.9473684210526316,False,0.3118569850921631,15,0.9968193384223919,0,0,9,0.0,0.0,0.0,False,0.31705212593078613,15,0.9968193384223919,0,0,9,0.0,0.0,0.0,False
2629,1.1792008876800537,4,False,1.0046265125274658,4,0.011826038360595703,15,0.9968193384223919,4,0,0,1.0,1.0,1.0,True,0.012487173080444336,15,0.9968193384223919,4,0,0,1.0,1.0,1.0,True,0.10084652900695801,41,0.991306191687871,4,0,0,1.0,1.0,1.0,True,0.08270263671875,41,0.991306191687871,4,0,0,1.0,1.0,1.0,True,0.03674054145812988,15,0.9968193384223919,4,0,0,1.0,1.0,1.0,True,0.04692387580871582,15,0.9968193384223919,4,0,0,1.0,1.0,1.0,True,0.3547086715698242,15,0.9968193384223919,0,0,4,0.0,0.0,0.0,False,0.3148691654205322,15,0.9968193384223919,0,0,4,0.0,0.0,0.0,False
373,1.0843117237091064,12,False,0.9807162284851074,12,0.010377883911132812,15,0.9968193384223919,9,0,3,1.0,0.75,0.8571428571428571,False,0.011370420455932617,15,0.9968193384223919,9,0,3,1.0,0.75,0.8571428571428571,False,0.036836862564086914,35,0.9925784563189143,12,0,0,1.0,1.0,1.0,True,0.04277825355529785,35,0.9925784563189143,12,0,0,1.0,1.0,1.0,True,0.05864071846008301,15,0.9968193384223919,12,0,0,1.0,1.0,1.0,True,0.06077861785888672,15,0.9968193384223919,12,0,0,1.0,1.0,1.0,True,0.3416409492492676,15,0.9968193384223919,0,0,12,0.0,0.0,0.0,False,0.33574891090393066,15,0.9968193384223919,0,0,12,0.0,0.0,0.0,False
478,0.9684219360351562,5,False,0.9926052093505859,5,0.010092973709106445,15,0.9968193384223919,4,0,1,1.0,0.8,0.888888888888889,False,0.010806798934936523,15,0.9968193384223919,4,0,1,1.0,0.8,0.888888888888889,False,0.03839564323425293,32,0.993214588634436,5,0,0,1.0,1.0,1.0,True,0.03248906135559082,32,0.993214588634436,5,0,0,1.0,1.0,1.0,True,0.04044508934020996,15,0.9968193384223919,5,0,0,1.0,1.0,1.0,True,0.05341386795043945,15,0.9968193384223919,5,0,0,1.0,1.0,1.0,True,0.3571035861968994,15,0.9968193384223919,0,0,5,0.0,0.0,0.0,False,0.32134127616882324,15,0.9968193384223919,0,0,5,0.0,0.0,0.0,False
2447,0.9694910049438477,11,False,0.8780069351196289,11,0.015065193176269531,15,0.9968193384223919,10,0,1,1.0,0.9090909090909091,0.9523809523809523,False,0.013461828231811523,15,0.9968193384223919,10,0,1,1.0,0.9090909090909091,0.9523809523809523,False,0.04036569595336914,35,0.9925784563189143,10,0,1,1.0,0.9090909090909091,0.9523809523809523,False,0.05273103713989258,35,0.9925784563189143,10,0,1,1.0,0.9090909090909091,0.9523809523809523,False,0.05871987342834473,15,0.9968193384223919,11,0,0,1.0,1.0,1.0,True,0.056397199630737305,15,0.9968193384223919,11,0,0,1.0,1.0,1.0,True,0.3097405433654785,15,0.9968193384223919,0,0,11,0.0,0.0,0.0,False,0.3374483585357666,15,0.9968193384223919,0,0,11,0.0,0.0,0.0,False
2360,0.9337971210479736,3,False,0.9510354995727539,3,0.012631654739379883,15,0.9968193384223919,3,0,0,1.0,1.0,1.0,True,0.01362919807434082,15,0.9968193384223919,3,0,0,1.0,1.0,1.0,True,0.04389023780822754,34,0.9927905004240882,3,0,0,1.0,1.0,1.0,True,0.0537564754486084,34,0.9927905004240882,3,0,0,1.0,1.0,1.0,True,0.04897284507751465,15,0.9968193384223919,3,0,0,1.0,1.0,1.0,True,0.04890298843383789,15,0.9968193384223919,3,0,0,1.0,1.0,1.0,True,0.3408629894256592,15,0.9968193384223919,0,0,3,0.0,0.0,0.0,False,0.2800018787384033,15,0.9968193384223919,0,0,3,0.0,0.0,0.0,False
562,0.9040498733520508,10,False,0.8419208526611328,10,0.010459184646606445,15,0.9968193384223919,7,0,3,1.0,0.7,0.8235294117647058,False,0.01619124412536621,15,0.9968193384223919,7,0,3,1.0,0.7,0.8235294117647058,False,0.05717635154724121,32,0.993214588634436,10,0,0,1.0,1.0,1.0,True,0.05578947067260742,32,0.993214588634436,10,0,0,1.0,1.0,1.0,True,0.04844927787780762,15,0.9968193384223919,10,0,0,1.0,1.0,1.0,True,0.053527116775512695,15,0.9968193384223919,10,0,0,1.0,1.0,1.0,True,0.29477715492248535,15,0.9968193384223919,0,0,10,0.0,0.0,0.0,False,0.2795999050140381,15,0.9968193384223919,0,0,10,0.0,0.0,0.0,False
2239,0.9450962543487549,7,False,0.9782874584197998,7,0.014488935470581055,15,0.9968193384223919,7,0,0,1.0,1.0,1.0,True,0.015160799026489258,15,0.9968193384223919,7,0,0,1.0,1.0,1.0,True,0.0417633056640625,30,0.9936386768447837,7,0,0,1.0,1.0,1.0,True,0.05168294906616211,30,0.9936386768447837,7,0,0,1.0,1.0,1.0,True,0.05788922309875488,15,0.9968193384223919,7,0,0,1.0,1.0,1.0,True,0.06351566314697266,15,0.9968193384223919,7,0,0,1.0,1.0,1.0,True,0.3453521728515625,15,0.9968193384223919,0,0,7,0.0,0.0,0.0,False,0.3462247848510742,15,0.9968193384223919,0,0,7,0.0,0.0,0.0,False
418,0.9452853202819824,8,False,0.9951958656311035,8,0.010085105895996094,15,0.9968193384223919,6,0,2,1.0,0.75,0.8571428571428571,False,0.014085769653320312,15,0.9968193384223919,6,0,2,1.0,0.75,0.8571428571428571,False,0.04667091369628906,38,0.9919423240033927,8,0,0,1.0,1.0,1.0,True,0.051268577575683594,38,0.9919423240033927,8,0,0,1.0,1.0,1.0,True,0.0570981502532959,15,0.9968193384223919,8,0,0,1.0,1.0,1.0,True,0.05774807929992676,15,0.9968193384223919,8,0,0,1.0,1.0,1.0,True,0.3159189224243164,15,0.9968193384223919,0,0,8,0.0,0.0,0.0,False,0.3225836753845215,15,0.9968193384223919,0,0,8,0.0,0.0,0.0,False
716,0.8447575569152832,12,False,1.0392565727233887,12,0.017040491104125977,15,0.9968193384223919,9,0,3,1.0,0.75,0.8571428571428571,False,0.01732945442199707,15,0.9968193384223919,9,0,3,1.0,0.75,0.8571428571428571,False,0.05863332748413086,39,0.9917302798982188,12,0,0,1.0,1.0,1.0,True,0.0399479866027832,39,0.9917302798982188,12,0,0,1.0,1.0,1.0,True,0.039766550064086914,15,0.9968193384223919,12,0,0,1.0,1.0,1.0,True,0.043633460998535156,15,0.9968193384223919,12,0,0,1.0,1.0,1.0,True,0.3265807628631592,15,0.9968193384223919,0,0,12,0.0,0.0,0.0,False,0.2901737689971924,15,0.9968193384223919,0,0,12,0.0,0.0,0.0,False
1624,0.8757064342498779,9,False,1.002439022064209,9,0.015691280364990234,15,0.9968193384223919,8,0,1,1.0,0.8888888888888888,0.9411764705882353,False,0.016237258911132812,15,0.9968193384223919,8,0,1,1.0,0.8888888888888888,0.9411764705882353,False,0.05199766159057617,31,0.9934266327396098,8,0,1,1.0,0.8888888888888888,0.9411764705882353,False,0.051667213439941406,31,0.9934266327396098,8,0,1,1.0,0.8888888888888888,0.9411764705882353,False,0.049712181091308594,15,0.9968193384223919,8,0,1,1.0,0.8888888888888888,0.9411764705882353,False,0.049892425537109375,15,0.9968193384223919,8,0,1,1.0,0.8888888888888888,0.9411764705882353,False,0.3256802558898926,15,0.9968193384223919,0,0,9,0.0,0.0,0.0,False,0.334352970123291,15,0.9968193384223919,0,0,9,0.0,0.0,0.0,False
2981,1.0798633098602295,26,False,0.9191832542419434,26,0.011294364929199219,15,0.9968193384223919,14,0,12,1.0,0.5384615384615384,0.7000000000000001,False,0.011862039566040039,15,0.9968193384223919,14,0,12,1.0,0.5384615384615384,0.7000000000000001,False,0.053228139877319336,35,0.9925784563189143,22,0,4,1.0,0.8461538461538461,0.9166666666666666,False,0.05067920684814453,35,0.9925784563189143,22,0,4,1.0,0.8461538461538461,0.9166666666666666,False,0.046149492263793945,15,0.9968193384223919,15,0,11,1.0,0.5769230769230769,0.7317073170731707,False,0.04900622367858887,15,0.9968193384223919,15,0,11,1.0,0.5769230769230769,0.7317073170731707,False,0.32466959953308105,15,0.9968193384223919,0,0,26,0.0,0.0,0.0,False,0.2989211082458496,15,0.9968193384223919,0,0,26,0.0,0.0,0.0,False
1530,0.9801092147827148,2,False,1.1583900451660156,2,0.02242588996887207,15,0.9968193384223919,2,0,0,1.0,1.0,1.0,True,0.02171635627746582,15,0.9968193384223919,2,0,0,1.0,1.0,1.0,True,0.06643247604370117,39,0.9917302798982188,2,0,0,1.0,1.0,1.0,True,0.06733059883117676,39,0.9917302798982188,2,0,0,1.0,1.0,1.0,True,0.04902815818786621,15,0.9968193384223919,2,0,0,1.0,1.0,1.0,True,0.052247047424316406,15,0.9968193384223919,2,0,0,1.0,1.0,1.0,True,0.3599417209625244,15,0.9968193384223919,0,0,2,0.0,0.0,0.0,False,0.3275878429412842,15,0.9968193384223919,0,0,2,0.0,0.0,0.0,False
1595,1.0686485767364502,5,False,0.9137179851531982,5,0.009926319122314453,15,0.9968193384223919,4,0,1,1.0,0.8,0.888888888888889,False,0.010591506958007812,15,0.9968193384223919,4,0,1,1.0,0.8,0.888888888888889,False,0.05886578559875488,44,0.9906700593723494,5,0,0,1.0,1.0,1.0,True,0.046117544174194336,44,0.9906700593723494,5,0,0,1.0,1.0,1.0,True,0.038179874420166016,15,0.9968193384223919,5,0,0,1.0,1.0,1.0,True,0.039438486099243164,15,0.9968193384223919,5,0,0,1.0,1.0,1.0,True,0.2920253276824951,15,0.9968193384223919,0,0,5,0.0,0.0,0.0,False,0.34984397888183594,15,0.9968193384223919,0,0,5,0.0,0.0,0.0,False
862,0.8930020332336426,6,False,0.9316051006317139,6,0.009955644607543945,15,0.9968193384223919,4,0,2,1.0,0.6666666666666666,0.8,False,0.01146388053894043,15,0.9968193384223919,4,0,2,1.0,0.6666666666666666,0.8,False,0.03780555725097656,45,0.9904580152671756,6,0,0,1.0,1.0,1.0,True,0.04998350143432617,45,0.9904580152671756,6,0,0,1.0,1.0,1.0,True,0.058173418045043945,15,0.9968193384223919,6,0,0,1.0,1.0,1.0,True,0.05648374557495117,15,0.9968193384223919,6,0,0,1.0,1.0,1.0,True,0.3038454055786133,15,0.9968193384223919,0,0,6,0.0,0.0,0.0,False,0.2963535785675049,15,0.9968193384223919,0,0,6,0.0,0.0,0.0,False
2683,0.9710793495178223,3,False,0.970508337020874,3,0.010759353637695312,15,0.9968193384223919,3,0,0,1.0,1.0,1.0,True,0.01443171501159668,15,0.9968193384223919,3,0,0,1.0,1.0,1.0,True,0.037720680236816406,48,0.989821882951654,3,0,0,1.0,1.0,1.0,True,0.05186033248901367,48,0.989821882951654,3,0,0,1.0,1.0,1.0,True,0.05073690414428711,15,0.9968193384223919,3,0,0,1.0,1.0,1.0,True,0.0490570068359375,15,0.9968193384223919,3,0,0,1.0,1.0,1.0,True,0.30774784088134766,15,0.9968193384223919,0,0,3,0.0,0.0,0.0,False,0.2872312068939209,15,0.9968193384223919,0,0,3,0.0,0.0,0.0,False
2289,0.9794454574584961,0,True,0.8567759990692139,0,0.017676115036010742,15,0.9968193384223919,0,0,0,0.0,,0.0,True,0.013848543167114258,15,0.9968193384223919,0,0,0,0.0,,0.0,True,0.035742998123168945,43,0.9908821034775234,0,0,0,0.0,,0.0,True,0.040773868560791016,43,0.9908821034775234,0,0,0,0.0,,0.0,True,0.03954458236694336,15,0.9968193384223919,0,0,0,0.0,,0.0,True,0.04860663414001465,15,0.9968193384223919,0,0,0,0.0,,0.0,True,0.26383066177368164,15,0.9968193384223919,0,0,0,0.0,,0.0,True,0.2760605812072754,15,0.9968193384223919,0,0,0,0.0,,0.0,True
1881,0.8637831211090088,11,False,1.3567640781402588,11,0.024538755416870117,15,0.9968193384223919,11,0,0,1.0,1.0,1.0,True,0.019054889678955078,15,0.9968193384223919,11,0,0,1.0,1.0,1.0,True,0.06282186508178711,28,0.9940627650551315,11,0,0,1.0,1.0,1.0,True,0.055455923080444336,28,0.9940627650551315,11,0,0,1.0,1.0,1.0,True,0.06430435180664062,15,0.9968193384223919,11,0,0,1.0,1.0,1.0,True,0.07795500755310059,15,0.9968193384223919,11,0,0,1.0,1.0,1.0,True,0.3727378845214844,15,0.9968193384223919,0,0,11,0.0,0.0,0.0,False,0.4082646369934082,15,0.9968193384223919,0,0,11,0.0,0.0,0.0,False
2292,1.1784801483154297,6,False,1.198349952697754,6,0.02414536476135254,15,0.9968193384223919,6,0,0,1.0,1.0,1.0,True,0.020437002182006836,15,0.9968193384223919,6,0,0,1.0,1.0,1.0,True,0.06974649429321289,36,0.9923664122137404,6,0,0,1.0,1.0,1.0,True,0.05557537078857422,36,0.9923664122137404,6,0,0,1.0,1.0,1.0,True,0.05822491645812988,15,0.9968193384223919,6,0,0,1.0,1.0,1.0,True,0.04912376403808594,15,0.9968193384223919,6,0,0,1.0,1.0,1.0,True,0.33840441703796387,15,0.9968193384223919,0,0,6,0.0,0.0,0.0,False,0.34368157386779785,15,0.9968193384223919,0,0,6,0.0,0.0,0.0,False
269,1.2042713165283203,0,True,1.1782727241516113,0,0.0160219669342041,15,0.9968193384223919,0,0,0,0.0,,0.0,True,0.015954971313476562,15,0.9968193384223919,0,0,0,0.0,,0.0,True,0.06353902816772461,52,0.9889737065309584,0,0,0,0.0,,0.0,True,0.056443214416503906,52,0.9889737065309584,0,0,0,0.0,,0.0,True,0.04963183403015137,15,0.9968193384223919,0,0,0,0.0,,0.0,True,0.05431079864501953,15,0.9968193384223919,0,0,0,0.0,,0.0,True,0.35811281204223633,15,0.9968193384223919,0,0,0,0.0,,0.0,True,0.3402683734893799,15,0.9968193384223919,0,0,0,0.0,,0.0,True
2515,1.2272579669952393,9,False,1.3050317764282227,9,0.017232418060302734,15,0.9968193384223919,7,1,2,0.875,0.7777777777777778,0.823529411764706,False,0.01744365692138672,15,0.9968193384223919,7,1,2,0.875,0.7777777777777778,0.823529411764706,False,0.05751490592956543,36,0.9923664122137404,9,2,0,0.8181818181818182,1.0,0.9,False,0.06798505783081055,36,0.9923664122137404,9,2,0,0.8181818181818182,1.0,0.9,False,0.0555567741394043,15,0.9968193384223919,9,2,0,0.8181818181818182,1.0,0.9,False,0.0494229793548584,15,0.9968193384223919,9,2,0,0.8181818181818182,1.0,0.9,False,0.3390982151031494,15,0.9968193384223919,0,0,9,0.0,0.0,0.0,False,0.34682774543762207,15,0.9968193384223919,0,0,9,0.0,0.0,0.0,False
1614,1.189812421798706,1,False,1.201521396636963,1,0.02256917953491211,15,0.9968193384223919,1,0,0,1.0,1.0,1.0,True,0.016811132431030273,15,0.9968193384223919,1,0,0,1.0,1.0,1.0,True,0.05540633201599121,31,0.9934266327396098,1,0,0,1.0,1.0,1.0,True,0.06319856643676758,31,0.9934266327396098,1,0,0,1.0,1.0,1.0,True,0.05599784851074219,15,0.9968193384223919,1,0,0,1.0,1.0,1.0,True,0.05467581748962402,15,0.9968193384223919,1,0,0,1.0,1.0,1.0,True,0.42244601249694824,15,0.9968193384223919,0,0,1,0.0,0.0,0.0,False,0.36469388008117676,15,0.9968193384223919,0,0,1,0.0,0.0,0.0,False
1158,1.1934165954589844,8,False,1.2098491191864014,8,0.017151832580566406,15,0.9968193384223919,6,0,2,1.0,0.75,0.8571428571428571,False,0.016781330108642578,15,0.9968193384223919,6,0,2,1.0,0.75,0.8571428571428571,False,0.053247690200805664,38,0.9919423240033927,8,0,0,1.0,1.0,1.0,True,0.06617283821105957,38,0.9919423240033927,8,0,0,1.0,1.0,1.0,True,0.05874490737915039,15,0.9968193384223919,8,0,0,1.0,1.0,1.0,True,0.060632944107055664,15,0.9968193384223919,8,0,0,1.0,1.0,1.0,True,0.37143731117248535,15,0.9968193384223919,0,0,8,0.0,0.0,0.0,False,0.3500480651855469,15,0.9968193384223919,0,0,8,0.0,0.0,0.0,False
1297,1.208770513534546,6,False,1.2735941410064697,6,0.01934981346130371,15,0.9968193384223919,3,0,3,1.0,0.5,0.6666666666666666,False,0.01624441146850586,15,0.9968193384223919,3,0,3,1.0,0.5,0.6666666666666666,False,0.0531773567199707,38,0.9919423240033927,6,0,0,1.0,1.0,1.0,True,0.05594992637634277,38,0.9919423240033927,6,0,0,1.0,1.0,1.0,True,0.04862499237060547,15,0.9968193384223919,6,0,0,1.0,1.0,1.0,True,0.05501842498779297,15,0.9968193384223919,6,0,0,1.0,1.0,1.0,True,0.360368013381958,15,0.9968193384223919,0,0,6,0.0,0.0,0.0,False,0.3366267681121826,15,0.9968193384223919,0,0,6,0.0,0.0,0.0,False
1413,1.1786763668060303,11,False,1.176711082458496,11,0.017867326736450195,15,0.9968193384223919,8,0,3,1.0,0.7272727272727273,0.8421052631578948,False,0.016876220703125,15,0.9968193384223919,8,0,3,1.0,0.7272727272727273,0.8421052631578948,False,0.052748918533325195,36,0.9923664122137404,11,0,0,1.0,1.0,1.0,True,0.05489158630371094,36,0.9923664122137404,11,0,0,1.0,1.0,1.0,True,0.04863739013671875,15,0.9968193384223919,11,0,0,1.0,1.0,1.0,True,0.053266048431396484,15,0.9968193384223919,11,0,0,1.0,1.0,1.0,True,0.34584641456604004,15,0.9968193384223919,0,0,11,0.0,0.0,0.0,False,0.4048490524291992,15,0.9968193384223919,0,0,11,0.0,0.0,0.0,False
1877,1.2009713649749756,15,False,1.2186088562011719,15,0.016758441925048828,15,0.9968193384223919,10,0,5,1.0,0.6666666666666666,0.8,False,0.017650365829467773,15,0.9968193384223919,10,0,5,1.0,0.6666666666666666,0.8,False,0.05166363716125488,30,0.9936386768447837,15,0,0,1.0,1.0,1.0,True,0.054579973220825195,30,0.9936386768447837,15,0,0,1.0,1.0,1.0,True,0.058646440505981445,15,0.9968193384223919,15,0,0,1.0,1.0,1.0,True,0.05613231658935547,15,0.9968193384223919,15,0,0,1.0,1.0,1.0,True,0.3659532070159912,15,0.9968193384223919,0,0,15,0.0,0.0,0.0,False,0.3401010036468506,15,0.9968193384223919,0,0,15,0.0,0.0,0.0,False
199,1.1751518249511719,7,False,1.2488112449645996,7,0.01664447784423828,15,0.9968193384223919,6,0,1,1.0,0.8571428571428571,0.923076923076923,False,0.016865968704223633,15,0.9968193384223919,6,0,1,1.0,0.8571428571428571,0.923076923076923,False,0.05076289176940918,31,0.9934266327396098,7,0,0,1.0,1.0,1.0,True,0.05335569381713867,31,0.9934266327396098,7,0,0,1.0,1.0,1.0,True,0.04913187026977539,15,0.9968193384223919,7,0,0,1.0,1.0,1.0,True,0.05391097068786621,15,0.9968193384223919,7,0,0,1.0,1.0,1.0,True,0.34180712699890137,15,0.9968193384223919,0,0,7,0.0,0.0,0.0,False,0.34122490882873535,15,0.9968193384223919,0,0,7,0.0,0.0,0.0,False
2214,1.1700546741485596,17,False,1.1742961406707764,17,0.01674509048461914,15,0.9968193384223919,12,1,5,0.9230769230769231,0.7058823529411765,0.8000000000000002,False,0.016557931900024414,15,0.9968193384223919,12,1,5,0.9230769230769231,0.7058823529411765,0.8000000000000002,False,0.051563262939453125,32,0.993214588634436,17,0,0,1.0,1.0,1.0,True,0.05127835273742676,32,0.993214588634436,17,0,0,1.0,1.0,1.0,True,0.05490374565124512,15,0.9968193384223919,15,0,2,1.0,0.8823529411764706,0.9375,False,0.054825544357299805,15,0.9968193384223919,15,0,2,1.0,0.8823529411764706,0.9375,False,0.3631117343902588,15,0.9968193384223919,0,0,17,0.0,0.0,0.0,False,0.3625943660736084,15,0.9968193384223919,0,0,17,0.0,0.0,0.0,False
674,1.2291922569274902,4,False,1.1846036911010742,4,0.017406225204467773,15,0.9968193384223919,3,1,1,0.75,0.75,0.75,False,0.020329952239990234,15,0.9968193384223919,3,1,1,0.75,0.75,0.75,False,0.05623149871826172,39,0.9917302798982188,3,1,1,0.75,0.75,0.75,False,0.0532078742980957,39,0.9917302798982188,3,1,1,0.75,0.75,0.75,False,0.051903486251831055,15,0.9968193384223919,3,1,1,0.75,0.75,0.75,False,0.0563962459564209,15,0.9968193384223919,3,1,1,0.75,0.75,0.75,False,0.418346643447876,15,0.9968193384223919,0,0,4,0.0,0.0,0.0,False,0.44879794120788574,15,0.9968193384223919,0,0,4,0.0,0.0,0.0,False
1897,1.4114007949829102,18,False,1.4599993228912354,18,0.024553298950195312,15,0.9968193384223919,8,0,10,1.0,0.4444444444444444,0.6153846153846153,False,0.025331497192382812,15,0.9968193384223919,8,0,10,1.0,0.4444444444444444,0.6153846153846153,False,0.09934830665588379,41,0.991306191687871,13,0,5,1.0,0.7222222222222222,0.8387096774193548,False,0.11025071144104004,41,0.991306191687871,13,0,5,1.0,0.7222222222222222,0.8387096774193548,False,0.06470775604248047,15,0.9968193384223919,15,0,3,1.0,0.8333333333333334,0.9090909090909091,False,0.06422710418701172,15,0.9968193384223919,15,0,3,1.0,0.8333333333333334,0.9090909090909091,False,0.4162867069244385,15,0.9968193384223919,0,0,18,0.0,0.0,0.0,False,0.409395694732666,15,0.9968193384223919,0,0,18,0.0,0.0,0.0,False
2686,1.4736242294311523,20,False,1.503720760345459,20,0.018823862075805664,15,0.9968193384223919,12,0,8,1.0,0.6,0.7499999999999999,False,0.018680334091186523,15,0.9968193384223919,12,0,8,1.0,0.6,0.7499999999999999,False,0.07126879692077637,36,0.9923664122137404,15,0,5,1.0,0.75,0.8571428571428571,False,0.07893586158752441,36,0.9923664122137404,15,0,5,1.0,0.75,0.8571428571428571,False,0.06132698059082031,15,0.9968193384223919,15,0,5,1.0,0.75,0.8571428571428571,False,0.07280516624450684,15,0.9968193384223919,15,0,5,1.0,0.75,0.8571428571428571,False,0.42151856422424316,15,0.9968193384223919,0,0,20,0.0,0.0,0.0,False,0.45684266090393066,15,0.9968193384223919,0,0,20,0.0,0.0,0.0,False
2019,1.2858028411865234,5,False,1.2643601894378662,5,0.019391536712646484,15,0.9968193384223919,5,0,0,1.0,1.0,1.0,True,0.019345998764038086,15,0.9968193384223919,5,0,0,1.0,1.0,1.0,True,0.07463431358337402,35,0.9925784563189143,5,0,0,1.0,1.0,1.0,True,0.06678152084350586,35,0.9925784563189143,5,0,0,1.0,1.0,1.0,True,0.05956149101257324,15,0.9968193384223919,5,0,0,1.0,1.0,1.0,True,0.0583500862121582,15,0.9968193384223919,5,0,0,1.0,1.0,1.0,True,0.4121992588043213,15,0.9968193384223919,0,0,5,0.0,0.0,0.0,False,0.43545055389404297,15,0.9968193384223919,0,0,5,0.0,0.0,0.0,False
1084,1.3200538158416748,4,False,1.178755283355713,4,0.016364336013793945,15,0.9968193384223919,4,0,0,1.0,1.0,1.0,True,0.016256093978881836,15,0.9968193384223919,4,0,0,1.0,1.0,1.0,True,0.0548245906829834,38,0.9919423240033927,4,0,0,1.0,1.0,1.0,True,0.05380964279174805,38,0.9919423240033927,4,0,0,1.0,1.0,1.0,True,0.05036640167236328,15,0.9968193384223919,4,0,0,1.0,1.0,1.0,True,0.049767255783081055,15,0.9968193384223919,4,0,0,1.0,1.0,1.0,True,0.3415968418121338,15,0.9968193384223919,0,0,4,0.0,0.0,0.0,False,0.35277414321899414,15,0.9968193384223919,0,0,4,0.0,0.0,0.0,False
1311,1.201066493988037,0,True,1.1983115673065186,0,0.01729583740234375,15,0.9968193384223919,0,0,0,0.0,,0.0,True,0.017236948013305664,15,0.9968193384223919,0,0,0,0.0,,0.0,True,0.053666114807128906,40,0.991518235793045,0,0,0,0.0,,0.0,True,0.05576276779174805,40,0.991518235793045,0,0,0,0.0,,0.0,True,0.0720973014831543,15,0.9968193384223919,0,0,0,0.0,,0.0,True,0.06952857971191406,15,0.9968193384223919,0,0,0,0.0,,0.0,True,0.3949565887451172,15,0.9968193384223919,0,0,0,0.0,,0.0,True,0.35190391540527344,15,0.9968193384223919,0,0,0,0.0,,0.0,True
1374,1.188965082168579,3,False,1.3413243293762207,3,0.017752408981323242,15,0.9968193384223919,2,0,1,1.0,0.6666666666666666,0.8,False,0.016759872436523438,15,0.9968193384223919,2,0,1,1.0,0.6666666666666666,0.8,False,0.05483675003051758,33,0.9930025445292621,3,0,0,1.0,1.0,1.0,True,0.05527353286743164,33,0.9930025445292621,3,0,0,1.0,1.0,1.0,True,0.052542686462402344,15,0.9968193384223919,3,0,0,1.0,1.0,1.0,True,0.05512356758117676,15,0.9968193384223919,3,0,0,1.0,1.0,1.0,True,0.3620114326477051,15,0.9968193384223919,0,0,3,0.0,0.0,0.0,False,0.3475024700164795,15,0.9968193384223919,0,0,3,0.0,0.0,0.0,False
2706,1.3522472381591797,9,False,1.2526495456695557,9,0.01669454574584961,15,0.9968193384223919,9,0,0,1.0,1.0,1.0,True,0.016124963760375977,15,0.9968193384223919,9,0,0,1.0,1.0,1.0,True,0.05655550956726074,39,0.9917302798982188,9,0,0,1.0,1.0,1.0,True,0.052210092544555664,39,0.9917302798982188,9,0,0,1.0,1.0,1.0,True,0.0485384464263916,15,0.9968193384223919,9,0,0,1.0,1.0,1.0,True,0.048035621643066406,15,0.9968193384223919,9,0,0,1.0,1.0,1.0,True,0.34223365783691406,15,0.9968193384223919,0,0,9,0.0,0.0,0.0,False,0.3406951427459717,15,0.9968193384223919,0,0,9,0.0,0.0,0.0,False
1495,1.215796947479248,20,False,1.1850197315216064,20,0.017045021057128906,15,0.9968193384223919,12,0,8,1.0,0.6,0.7499999999999999,False,0.016098737716674805,15,0.9968193384223919,12,0,8,1.0,0.6,0.7499999999999999,False,0.054204463958740234,34,0.9927905004240882,18,0,2,1.0,0.9,0.9473684210526316,False,0.0563511848449707,34,0.9927905004240882,18,0,2,1.0,0.9,0.9473684210526316,False,0.05523180961608887,15,0.9968193384223919,15,0,5,1.0,0.75,0.8571428571428571,False,0.06094980239868164,15,0.9968193384223919,15,0,5,1.0,0.75,0.8571428571428571,False,0.43584704399108887,15,0.9968193384223919,0,0,20,0.0,0.0,0.0,False,0.3467063903808594,15,0.9968193384223919,0,0,20,0.0,0.0,0.0,False
2140,1.2023413181304932,3,False,1.247157096862793,3,0.018410444259643555,15,0.9968193384223919,2,0,1,1.0,0.6666666666666666,0.8,False,0.019164085388183594,15,0.9968193384223919,2,0,1,1.0,0.6666666666666666,0.8,False,0.07150697708129883,43,0.9908821034775234,3,0,0,1.0,1.0,1.0,True,0.07744503021240234,43,0.9908821034775234,3,0,0,1.0,1.0,1.0,True,0.07200169563293457,15,0.9968193384223919,3,0,0,1.0,1.0,1.0,True,0.058013916015625,15,0.9968193384223919,3,0,0,1.0,1.0,1.0,True,0.3689413070678711,15,0.9968193384223919,0,0,3,0.0,0.0,0.0,False,0.3800067901611328,15,0.9968193384223919,0,0,3,0.0,0.0,0.0,False
2196,1.194765567779541,4,False,1.2303402423858643,4,0.017151832580566406,15,0.9968193384223919,3,0,1,1.0,0.75,0.8571428571428571,False,0.018409252166748047,15,0.9968193384223919,3,0,1,1.0,0.75,0.8571428571428571,False,0.05433368682861328,35,0.9925784563189143,3,0,1,1.0,0.75,0.8571428571428571,False,0.05221843719482422,35,0.9925784563189143,3,0,1,1.0,0.75,0.8571428571428571,False,0.05098319053649902,15,0.9968193384223919,3,0,1,1.0,0.75,0.8571428571428571,False,0.050599098205566406,15,0.9968193384223919,3,0,1,1.0,0.75,0.8571428571428571,False,0.3651235103607178,15,0.9968193384223919,0,0,4,0.0,0.0,0.0,False,0.35060715675354004,15,0.9968193384223919,0,0,4,0.0,0.0,0.0,False
1176,1.1742784976959229,7,False,1.2027881145477295,7,0.019392967224121094,15,0.9968193384223919,6,1,1,0.8571428571428571,0.8571428571428571,0.8571428571428571,False,0.016567468643188477,15,0.9968193384223919,6,1,1,0.8571428571428571,0.8571428571428571,0.8571428571428571,False,0.05407309532165527,31,0.9934266327396098,7,1,0,0.875,1.0,0.9333333333333333,False,0.0535120964050293,31,0.9934266327396098,7,1,0,0.875,1.0,0.9333333333333333,False,0.05790448188781738,15,0.9968193384223919,7,1,0,0.875,1.0,0.9333333333333333,False,0.05719876289367676,15,0.9968193384223919,7,1,0,0.875,1.0,0.9333333333333333,False,0.36966609954833984,15,0.9968193384223919,0,0,7,0.0,0.0,0.0,False,0.4122891426086426,15,0.9968193384223919,0,0,7,0.0,0.0,0.0,False
1081,1.1837043762207031,5,False,1.2433853149414062,5,0.024962902069091797,15,0.9968193384223919,5,0,0,1.0,1.0,1.0,True,0.01949143409729004,15,0.9968193384223919,5,0,0,1.0,1.0,1.0,True,0.05662894248962402,39,0.9917302798982188,5,0,0,1.0,1.0,1.0,True,0.05379176139831543,39,0.9917302798982188,5,0,0,1.0,1.0,1.0,True,0.049378395080566406,15,0.9968193384223919,5,0,0,1.0,1.0,1.0,True,0.05101656913757324,15,0.9968193384223919,5,0,0,1.0,1.0,1.0,True,0.34664320945739746,15,0.9968193384223919,0,0,5,0.0,0.0,0.0,False,0.337432861328125,15,0.9968193384223919,0,0,5,0.0,0.0,0.0,False
2242,1.17635178565979,3,False,1.2688875198364258,3,0.016155481338500977,15,0.9968193384223919,3,1,0,0.75,1.0,0.8571428571428571,False,0.016664981842041016,15,0.9968193384223919,3,1,0,0.75,1.0,0.8571428571428571,False,0.0556185245513916,44,0.9906700593723494,3,0,0,1.0,1.0,1.0,True,0.05478954315185547,44,0.9906700593723494,3,0,0,1.0,1.0,1.0,True,0.04914498329162598,15,0.9968193384223919,3,1,0,0.75,1.0,0.8571428571428571,False,0.050121307373046875,15,0.9968193384223919,3,1,0,0.75,1.0,0.8571428571428571,False,0.3640732765197754,15,0.9968193384223919,0,0,3,0.0,0.0,0.0,False,0.3562760353088379,15,0.9968193384223919,0,0,3,0.0,0.0,0.0,False
226,1.1961870193481445,8,False,1.191593885421753,8,0.016392946243286133,15,0.9968193384223919,8,0,0,1.0,1.0,1.0,True,0.016461610794067383,15,0.9968193384223919,8,0,0,1.0,1.0,1.0,True,0.05558371543884277,31,0.9934266327396098,8,0,0,1.0,1.0,1.0,True,0.05827474594116211,31,0.9934266327396098,8,0,0,1.0,1.0,1.0,True,0.05431675910949707,15,0.9968193384223919,8,0,0,1.0,1.0,1.0,True,0.07906198501586914,15,0.9968193384223919,8,0,0,1.0,1.0,1.0,True,0.34925031661987305,15,0.9968193384223919,0,0,8,0.0,0.0,0.0,False,0.3422880172729492,15,0.9968193384223919,0,0,8,0.0,0.0,0.0,False
1907,1.2422244548797607,22,False,1.2174222469329834,22,0.016833066940307617,15,0.9968193384223919,13,0,9,1.0,0.5909090909090909,0.7428571428571429,False,0.01649785041809082,15,0.9968193384223919,13,0,9,1.0,0.5909090909090909,0.7428571428571429,False,0.052938222885131836,28,0.9940627650551315,19,0,3,1.0,0.8636363636363636,0.9268292682926829,False,0.059825897216796875,28,0.9940627650551315,19,0,3,1.0,0.8636363636363636,0.9268292682926829,False,0.055068016052246094,15,0.9968193384223919,15,0,7,1.0,0.6818181818181818,0.8108108108108109,False,0.05367469787597656,15,0.9968193384223919,15,0,7,1.0,0.6818181818181818,0.8108108108108109,False,0.3305368423461914,15,0.9968193384223919,0,0,22,0.0,0.0,0.0,False,0.34076666831970215,15,0.9968193384223919,0,0,22,0.0,0.0,0.0,False
2043,1.1893110275268555,21,False,1.2159490585327148,21,0.01615738868713379,15,0.9968193384223919,12,0,9,1.0,0.5714285714285714,0.7272727272727273,False,0.017947673797607422,15,0.9968193384223919,12,0,9,1.0,0.5714285714285714,0.7272727272727273,False,0.05505251884460449,42,0.9910941475826972,19,1,2,0.95,0.9047619047619048,0.9268292682926829,False,0.05363917350769043,42,0.9910941475826972,19,1,2,0.95,0.9047619047619048,0.9268292682926829,False,0.05260205268859863,15,0.9968193384223919,15,0,6,1.0,0.7142857142857143,0.8333333333333333,False,0.048768043518066406,15,0.9968193384223919,15,0,6,1.0,0.7142857142857143,0.8333333333333333,False,0.3420572280883789,15,0.9968193384223919,0,0,21,0.0,0.0,0.0,False,0.3530542850494385,15,0.9968193384223919,0,0,21,0.0,0.0,0.0,False
2428,1.1830215454101562,2,False,1.1704297065734863,2,0.016141414642333984,15,0.9968193384223919,2,0,0,1.0,1.0,1.0,True,0.015969514846801758,15,0.9968193384223919,2,0,0,1.0,1.0,1.0,True,0.05222034454345703,36,0.9923664122137404,2,0,0,1.0,1.0,1.0,True,0.05168962478637695,36,0.9923664122137404,2,0,0,1.0,1.0,1.0,True,0.048491477966308594,15,0.9968193384223919,2,0,0,1.0,1.0,1.0,True,0.05058407783508301,15,0.9968193384223919,2,0,0,1.0,1.0,1.0,True,0.3414950370788574,15,0.9968193384223919,0,0,2,0.0,0.0,0.0,False,0.3404860496520996,15,0.9968193384223919,0,0,2,0.0,0.0,0.0,False
249,1.435931921005249,22,False,1.3573219776153564,22,0.016182422637939453,15,0.9968193384223919,14,0,8,1.0,0.6363636363636364,0.7777777777777778,False,0.016376495361328125,15,0.9968193384223919,14,0,8,1.0,0.6363636363636364,0.7777777777777778,False,0.05379748344421387,34,0.9927905004240882,17,0,5,1.0,0.7727272727272727,0.8717948717948718,False,0.06656050682067871,34,0.9927905004240882,17,0,5,1.0,0.7727272727272727,0.8717948717948718,False,0.05259084701538086,15,0.9968193384223919,15,0,7,1.0,0.6818181818181818,0.8108108108108109,False,0.0577242374420166,15,0.9968193384223919,15,0,7,1.0,0.6818181818181818,0.8108108108108109,False,0.3793220520019531,15,0.9968193384223919,0,0,22,0.0,0.0,0.0,False,0.4317896366119385,15,0.9968193384223919,0,0,22,0.0,0.0,0.0,False
812,1.4323983192443848,37,False,1.4641995429992676,37,0.023064374923706055,15,0.9968193384223919,15,0,22,1.0,0.40540540540540543,0.5769230769230769,False,0.01782846450805664,15,0.9968193384223919,15,0,22,1.0,0.40540540540540543,0.5769230769230769,False,0.0947718620300293,34,0.9927905004240882,23,0,14,1.0,0.6216216216216216,0.7666666666666667,False,0.07069683074951172,34,0.9927905004240882,23,0,14,1.0,0.6216216216216216,0.7666666666666667,False,0.060303688049316406,15,0.9968193384223919,15,0,22,1.0,0.40540540540540543,0.5769230769230769,False,0.05681753158569336,15,0.9968193384223919,15,0,22,1.0,0.40540540540540543,0.5769230769230769,False,0.45497894287109375,15,0.9968193384223919,0,0,37,0.0,0.0,0.0,False,0.4298884868621826,15,0.9968193384223919,0,0,37,0.0,0.0,0.0,False
290,1.3688075542449951,5,False,1.3464043140411377,5,0.02422928810119629,15,0.9968193384223919,5,0,0,1.0,1.0,1.0,True,0.019364118576049805,15,0.9968193384223919,5,0,0,1.0,1.0,1.0,True,0.0535280704498291,35,0.9925784563189143,5,0,0,1.0,1.0,1.0,True,0.07713747024536133,35,0.9925784563189143,5,0,0,1.0,1.0,1.0,True,0.05035257339477539,15,0.9968193384223919,5,0,0,1.0,1.0,1.0,True,0.05257725715637207,15,0.9968193384223919,5,0,0,1.0,1.0,1.0,True,0.46674561500549316,15,0.9968193384223919,0,0,5,0.0,0.0,0.0,False,0.4262666702270508,15,0.9968193384223919,0,0,5,0.0,0.0,0.0,False
2855,1.269705057144165,10,False,1.2232615947723389,10,0.016351699829101562,15,0.9968193384223919,8,0,2,1.0,0.8,0.888888888888889,False,0.016170024871826172,15,0.9968193384223919,8,0,2,1.0,0.8,0.888888888888889,False,0.07677388191223145,47,0.9900339270568278,9,0,1,1.0,0.9,0.9473684210526316,False,0.059615373611450195,47,0.9900339270568278,9,0,1,1.0,0.9,0.9473684210526316,False,0.05063915252685547,15,0.9968193384223919,9,0,1,1.0,0.9,0.9473684210526316,False,0.050319671630859375,15,0.9968193384223919,9,0,1,1.0,0.9,0.9473684210526316,False,0.3514533042907715,15,0.9968193384223919,0,0,10,0.0,0.0,0.0,False,0.3378875255584717,15,0.9968193384223919,0,0,10,0.0,0.0,0.0,False
2227,1.1935005187988281,35,False,1.252413272857666,35,0.01647210121154785,15,0.9968193384223919,12,0,23,1.0,0.34285714285714286,0.5106382978723404,False,0.01683497428894043,15,0.9968193384223919,12,0,23,1.0,0.34285714285714286,0.5106382978723404,False,0.05269289016723633,35,0.9925784563189143,19,0,16,1.0,0.5428571428571428,0.7037037037037037,False,0.05225729942321777,35,0.9925784563189143,19,0,16,1.0,0.5428571428571428,0.7037037037037037,False,0.0484616756439209,15,0.9968193384223919,15,0,20,1.0,0.42857142857142855,0.6,False,0.04878687858581543,15,0.9968193384223919,15,0,20,1.0,0.42857142857142855,0.6,False,0.34064221382141113,15,0.9968193384223919,0,0,35,0.0,0.0,0.0,False,0.34040069580078125,15,0.9968193384223919,0,0,35,0.0,0.0,0.0,False
129,1.172255516052246,18,False,1.1985843181610107,18,0.016361236572265625,15,0.9968193384223919,13,0,5,1.0,0.7222222222222222,0.8387096774193548,False,0.016371726989746094,15,0.9968193384223919,13,0,5,1.0,0.7222222222222222,0.8387096774193548,False,0.05068182945251465,31,0.9934266327396098,17,0,1,1.0,0.9444444444444444,0.9714285714285714,False,0.05416512489318848,31,0.9934266327396098,17,0,1,1.0,0.9444444444444444,0.9714285714285714,False,0.04898548126220703,15,0.9968193384223919,15,0,3,1.0,0.8333333333333334,0.9090909090909091,False,0.05239295959472656,15,0.9968193384223919,15,0,3,1.0,0.8333333333333334,0.9090909090909091,False,0.35140514373779297,15,0.9968193384223919,0,0,18,0.0,0.0,0.0,False,0.3925623893737793,15,0.9968193384223919,0,0,18,0.0,0.0,0.0,False
2491,1.1961698532104492,10,False,1.192314624786377,10,0.01747727394104004,15,0.9968193384223919,9,0,1,1.0,0.9,0.9473684210526316,False,0.02429795265197754,15,0.9968193384223919,9,0,1,1.0,0.9,0.9473684210526316,False,0.05614638328552246,37,0.9921543681085666,10,0,0,1.0,1.0,1.0,True,0.05292153358459473,37,0.9921543681085666,10,0,0,1.0,1.0,1.0,True,0.049332380294799805,15,0.9968193384223919,10,0,0,1.0,1.0,1.0,True,0.05989885330200195,15,0.9968193384223919,10,0,0,1.0,1.0,1.0,True,0.36751389503479004,15,0.9968193384223919,0,0,10,0.0,0.0,0.0,False,0.3352205753326416,15,0.9968193384223919,0,0,10,0.0,0.0,0.0,False
2058,1.2128655910491943,8,False,1.2505314350128174,8,0.016280174255371094,15,0.9968193384223919,8,0,0,1.0,1.0,1.0,True,0.01911139488220215,15,0.9968193384223919,8,0,0,1.0,1.0,1.0,True,0.0529322624206543,38,0.9919423240033927,8,0,0,1.0,1.0,1.0,True,0.056693077087402344,38,0.9919423240033927,8,0,0,1.0,1.0,1.0,True,0.05505037307739258,15,0.9968193384223919,8,0,0,1.0,1.0,1.0,True,0.05177474021911621,15,0.9968193384223919,8,0,0,1.0,1.0,1.0,True,0.34671497344970703,15,0.9968193384223919,0,0,8,0.0,0.0,0.0,False,0.3386237621307373,15,0.9968193384223919,0,0,8,0.0,0.0,0.0,False
1299,1.1741740703582764,10,False,1.2363755702972412,10,0.016374826431274414,15,0.9968193384223919,9,0,1,1.0,0.9,0.9473684210526316,False,0.017746686935424805,15,0.9968193384223919,9,0,1,1.0,0.9,0.9473684210526316,False,0.05240488052368164,35,0.9925784563189143,10,0,0,1.0,1.0,1.0,True,0.052402496337890625,35,0.9925784563189143,10,0,0,1.0,1.0,1.0,True,0.05753326416015625,15,0.9968193384223919,10,0,0,1.0,1.0,1.0,True,0.05264449119567871,15,0.9968193384223919,10,0,0,1.0,1.0,1.0,True,0.39241695404052734,15,0.9968193384223919,0,0,10,0.0,0.0,0.0,False,0.4236171245574951,15,0.9968193384223919,0,0,10,0.0,0.0,0.0,False
2517,1.272226095199585,10,False,1.1994972229003906,10,0.019126415252685547,15,0.9968193384223919,9,0,1,1.0,0.9,0.9473684210526316,False,0.01721358299255371,15,0.9968193384223919,9,0,1,1.0,0.9,0.9473684210526316,False,0.052114248275756836,36,0.9923664122137404,10,0,0,1.0,1.0,1.0,True,0.054527997970581055,36,0.9923664122137404,10,0,0,1.0,1.0,1.0,True,0.04900169372558594,15,0.9968193384223919,10,0,0,1.0,1.0,1.0,True,0.050599098205566406,15,0.9968193384223919,10,0,0,1.0,1.0,1.0,True,0.3391416072845459,15,0.9968193384223919,0,0,10,0.0,0.0,0.0,False,0.338759183883667,15,0.9968193384223919,0,0,10,0.0,0.0,0.0,False
573,1.3125948905944824,31,False,1.374394416809082,31,0.017589569091796875,15,0.9968193384223919,11,0,20,1.0,0.3548387096774194,0.5238095238095238,False,0.015897274017333984,15,0.9968193384223919,11,0,20,1.0,0.3548387096774194,0.5238095238095238,False,0.06023764610290527,38,0.9919423240033927,19,0,12,1.0,0.6129032258064516,0.76,False,0.0749671459197998,38,0.9919423240033927,19,0,12,1.0,0.6129032258064516,0.76,False,0.05457258224487305,15,0.9968193384223919,15,0,16,1.0,0.4838709677419355,0.6521739130434783,False,0.051570892333984375,15,0.9968193384223919,15,0,16,1.0,0.4838709677419355,0.6521739130434783,False,0.3499429225921631,15,0.9968193384223919,0,0,31,0.0,0.0,0.0,False,0.3465290069580078,15,0.9968193384223919,0,0,31,0.0,0.0,0.0,False
1073,1.1782493591308594,28,False,1.198608160018921,28,0.017305374145507812,15,0.9968193384223919,9,0,19,1.0,0.32142857142857145,0.4864864864864865,False,0.017421245574951172,15,0.9968193384223919,9,0,19,1.0,0.32142857142857145,0.4864864864864865,False,0.05539441108703613,36,0.9923664122137404,20,0,8,1.0,0.7142857142857143,0.8333333333333333,False,0.06065845489501953,36,0.9923664122137404,20,0,8,1.0,0.7142857142857143,0.8333333333333333,False,0.061426401138305664,15,0.9968193384223919,15,0,13,1.0,0.5357142857142857,0.6976744186046512,False,0.06668782234191895,15,0.9968193384223919,15,0,13,1.0,0.5357142857142857,0.6976744186046512,False,0.3814539909362793,15,0.9968193384223919,0,0,28,0.0,0.0,0.0,False,0.34355616569519043,15,0.9968193384223919,0,0,28,0.0,0.0,0.0,False
187,1.2235593795776367,19,False,1.1824746131896973,19,0.01612067222595215,15,0.9968193384223919,13,0,6,1.0,0.6842105263157895,0.8125000000000001,False,0.016280174255371094,15,0.9968193384223919,13,0,6,1.0,0.6842105263157895,0.8125000000000001,False,0.054552555084228516,30,0.9936386768447837,19,0,0,1.0,1.0,1.0,True,0.0516357421875,30,0.9936386768447837,19,0,0,1.0,1.0,1.0,True,0.05024981498718262,15,0.9968193384223919,15,0,4,1.0,0.7894736842105263,0.8823529411764706,False,0.055674076080322266,15,0.9968193384223919,15,0,4,1.0,0.7894736842105263,0.8823529411764706,False,0.3637235164642334,15,0.9968193384223919,0,0,19,0.0,0.0,0.0,False,0.34161829948425293,15,0.9968193384223919,0,0,19,0.0,0.0,0.0,False
273,1.1825804710388184,6,False,1.2017619609832764,6,0.024077415466308594,15,0.9968193384223919,5,0,1,1.0,0.8333333333333334,0.9090909090909091,False,0.02138066291809082,15,0.9968193384223919,5,0,1,1.0,0.8333333333333334,0.9090909090909091,False,0.06834602355957031,28,0.9940627650551315,6,0,0,1.0,1.0,1.0,True,0.05286908149719238,28,0.9940627650551315,6,0,0,1.0,1.0,1.0,True,0.05196189880371094,15,0.9968193384223919,6,0,0,1.0,1.0,1.0,True,0.04901909828186035,15,0.9968193384223919,6,0,0,1.0,1.0,1.0,True,0.3438732624053955,15,0.9968193384223919,0,0,6,0.0,0.0,0.0,False,0.34710049629211426,15,0.9968193384223919,0,0,6,0.0,0.0,0.0,False
1459,1.196744441986084,6,False,1.3221797943115234,6,0.02416706085205078,15,0.9968193384223919,5,0,1,1.0,0.8333333333333334,0.9090909090909091,False,0.017539024353027344,15,0.9968193384223919,5,0,1,1.0,0.8333333333333334,0.9090909090909091,False,0.05506587028503418,35,0.9925784563189143,6,0,0,1.0,1.0,1.0,True,0.060915231704711914,35,0.9925784563189143,6,0,0,1.0,1.0,1.0,True,0.07040524482727051,15,0.9968193384223919,6,0,0,1.0,1.0,1.0,True,0.05840349197387695,15,0.9968193384223919,6,0,0,1.0,1.0,1.0,True,0.36055779457092285,15,0.9968193384223919,0,0,6,0.0,0.0,0.0,False,0.35347962379455566,15,0.9968193384223919,0,0,6,0.0,0.0,0.0,False
2837,1.3283681869506836,7,False,1.2612276077270508,7,0.016750097274780273,15,0.9968193384223919,5,0,2,1.0,0.7142857142857143,0.8333333333333333,False,0.015886783599853516,15,0.9968193384223919,5,0,2,1.0,0.7142857142857143,0.8333333333333333,False,0.052414655685424805,33,0.9930025445292621,5,0,2,1.0,0.7142857142857143,0.8333333333333333,False,0.05343341827392578,33,0.9930025445292621,5,0,2,1.0,0.7142857142857143,0.8333333333333333,False,0.051849365234375,15,0.9968193384223919,6,0,1,1.0,0.8571428571428571,0.923076923076923,False,0.05819201469421387,15,0.9968193384223919,6,0,1,1.0,0.8571428571428571,0.923076923076923,False,0.35928821563720703,15,0.9968193384223919,0,0,7,0.0,0.0,0.0,False,0.34177327156066895,15,0.9968193384223919,0,0,7,0.0,0.0,0.0,False
1272,1.2121636867523193,2,False,1.2150025367736816,2,0.0163729190826416,15,0.9968193384223919,1,0,1,1.0,0.5,0.6666666666666666,False,0.017092466354370117,15,0.9968193384223919,1,0,1,1.0,0.5,0.6666666666666666,False,0.058870553970336914,40,0.991518235793045,2,0,0,1.0,1.0,1.0,True,0.08190107345581055,40,0.991518235793045,2,0,0,1.0,1.0,1.0,True,0.062369346618652344,15,0.9968193384223919,2,0,0,1.0,1.0,1.0,True,0.05148172378540039,15,0.9968193384223919,2,0,0,1.0,1.0,1.0,True,0.35704994201660156,15,0.9968193384223919,0,0,2,0.0,0.0,0.0,False,0.3417513370513916,15,0.9968193384223919,0,0,2,0.0,0.0,0.0,False
932,1.193530797958374,2,False,1.2248756885528564,2,0.023633480072021484,15,0.9968193384223919,2,0,0,1.0,1.0,1.0,True,0.02048778533935547,15,0.9968193384223919,2,0,0,1.0,1.0,1.0,True,0.05285358428955078,34,0.9927905004240882,2,0,0,1.0,1.0,1.0,True,0.05469632148742676,34,0.9927905004240882,2,0,0,1.0,1.0,1.0,True,0.05024600028991699,15,0.9968193384223919,2,0,0,1.0,1.0,1.0,True,0.05476188659667969,15,0.9968193384223919,2,0,0,1.0,1.0,1.0,True,0.3544301986694336,15,0.9968193384223919,0,0,2,0.0,0.0,0.0,False,0.3543384075164795,15,0.9968193384223919,0,0,2,0.0,0.0,0.0,False
2404,1.208998203277588,1,False,1.2281851768493652,1,0.01677870750427246,15,0.9968193384223919,1,0,0,1.0,1.0,1.0,True,0.022875308990478516,15,0.9968193384223919,1,0,0,1.0,1.0,1.0,True,0.05289912223815918,43,0.9908821034775234,1,0,0,1.0,1.0,1.0,True,0.05639171600341797,43,0.9908821034775234,1,0,0,1.0,1.0,1.0,True,0.052872419357299805,15,0.9968193384223919,1,0,0,1.0,1.0,1.0,True,0.059198856353759766,15,0.9968193384223919,1,0,0,1.0,1.0,1.0,True,0.36168384552001953,15,0.9968193384223919,0,0,1,0.0,0.0,0.0,False,0.40130043029785156,15,0.9968193384223919,0,0,1,0.0,0.0,0.0,False
1854,1.2383019924163818,7,False,1.1975932121276855,7,0.023925065994262695,15,0.9968193384223919,5,0,2,1.0,0.7142857142857143,0.8333333333333333,False,0.019849538803100586,15,0.9968193384223919,5,0,2,1.0,0.7142857142857143,0.8333333333333333,False,0.05385756492614746,37,0.9921543681085666,7,1,0,0.875,1.0,0.9333333333333333,False,0.053617000579833984,37,0.9921543681085666,7,1,0,0.875,1.0,0.9333333333333333,False,0.04848051071166992,15,0.9968193384223919,7,1,0,0.875,1.0,0.9333333333333333,False,0.0496516227722168,15,0.9968193384223919,7,1,0,0.875,1.0,0.9333333333333333,False,0.4317786693572998,15,0.9968193384223919,0,0,7,0.0,0.0,0.0,False,0.3557260036468506,15,0.9968193384223919,0,0,7,0.0,0.0,0.0,False
1996,1.1681263446807861,12,False,1.2081654071807861,12,0.016465425491333008,15,0.9968193384223919,11,0,1,1.0,0.9166666666666666,0.9565217391304348,False,0.016607999801635742,15,0.9968193384223919,11,0,1,1.0,0.9166666666666666,0.9565217391304348,False,0.05204510688781738,35,0.9925784563189143,12,0,0,1.0,1.0,1.0,True,0.05227828025817871,35,0.9925784563189143,12,0,0,1.0,1.0,1.0,True,0.04999947547912598,15,0.9968193384223919,12,0,0,1.0,1.0,1.0,True,0.05505228042602539,15,0.9968193384223919,12,0,0,1.0,1.0,1.0,True,0.38782382011413574,15,0.9968193384223919,0,0,12,0.0,0.0,0.0,False,0.33246564865112305,15,0.9968193384223919,0,0,12,0.0,0.0,0.0,False
1392,1.1709253787994385,17,False,1.2713494300842285,17,0.016310453414916992,15,0.9968193384223919,8,0,9,1.0,0.47058823529411764,0.6399999999999999,False,0.0191342830657959,15,0.9968193384223919,8,0,9,1.0,0.47058823529411764,0.6399999999999999,False,0.06250452995300293,34,0.9927905004240882,17,0,0,1.0,1.0,1.0,True,0.06910109519958496,34,0.9927905004240882,17,0,0,1.0,1.0,1.0,True,0.050333499908447266,15,0.9968193384223919,15,0,2,1.0,0.8823529411764706,0.9375,False,0.049504756927490234,15,0.9968193384223919,15,0,2,1.0,0.8823529411764706,0.9375,False,0.3495795726776123,15,0.9968193384223919,0,0,17,0.0,0.0,0.0,False,0.40750837326049805,15,0.9968193384223919,0,0,17,0.0,0.0,0.0,False
2282,1.2069339752197266,19,False,1.1995067596435547,19,0.020834922790527344,15,0.9968193384223919,12,0,7,1.0,0.631578947368421,0.7741935483870968,False,0.016499996185302734,15,0.9968193384223919,12,0,7,1.0,0.631578947368421,0.7741935483870968,False,0.05407452583312988,30,0.9936386768447837,18,1,1,0.9473684210526315,0.9473684210526315,0.9473684210526315,False,0.05356025695800781,30,0.9936386768447837,18,1,1,0.9473684210526315,0.9473684210526315,0.9473684210526315,False,0.050837039947509766,15,0.9968193384223919,15,0,4,1.0,0.7894736842105263,0.8823529411764706,False,0.05002188682556152,15,0.9968193384223919,15,0,4,1.0,0.7894736842105263,0.8823529411764706,False,0.3363301753997803,15,0.9968193384223919,0,0,19,0.0,0.0,0.0,False,0.4034125804901123,15,0.9968193384223919,0,0,19,0.0,0.0,0.0,False
1216,1.1765825748443604,9,False,1.2012851238250732,9,0.01973557472229004,15,0.9968193384223919,8,0,1,1.0,0.8888888888888888,0.9411764705882353,False,0.0168306827545166,15,0.9968193384223919,8,0,1,1.0,0.8888888888888888,0.9411764705882353,False,0.055058956146240234,31,0.9934266327396098,9,0,0,1.0,1.0,1.0,True,0.05230903625488281,31,0.9934266327396098,9,0,0,1.0,1.0,1.0,True,0.050951480865478516,15,0.9968193384223919,9,0,0,1.0,1.0,1.0,True,0.04977536201477051,15,0.9968193384223919,9,0,0,1.0,1.0,1.0,True,0.34362053871154785,15,0.9968193384223919,0,0,9,0.0,0.0,0.0,False,0.33769893646240234,15,0.9968193384223919,0,0,9,0.0,0.0,0.0,False
1042,1.2330434322357178,5,False,1.2332124710083008,5,0.0170285701751709,15,0.9968193384223919,5,0,0,1.0,1.0,1.0,True,0.017749786376953125,15,0.9968193384223919,5,0,0,1.0,1.0,1.0,True,0.0527951717376709,39,0.9917302798982188,5,0,0,1.0,1.0,1.0,True,0.052910566329956055,39,0.9917302798982188,5,0,0,1.0,1.0,1.0,True,0.053240299224853516,15,0.9968193384223919,5,0,0,1.0,1.0,1.0,True,0.05771946907043457,15,0.9968193384223919,5,0,0,1.0,1.0,1.0,True,0.36722373962402344,15,0.9968193384223919,0,0,5,0.0,0.0,0.0,False,0.3638308048248291,15,0.9968193384223919,0,0,5,0.0,0.0,0.0,False
2203,1.1793677806854248,10,False,1.1875114440917969,10,0.016617774963378906,15,0.9968193384223919,9,0,1,1.0,0.9,0.9473684210526316,False,0.01613616943359375,15,0.9968193384223919,9,0,1,1.0,0.9,0.9473684210526316,False,0.05625104904174805,33,0.9930025445292621,10,0,0,1.0,1.0,1.0,True,0.05158233642578125,33,0.9930025445292621,10,0,0,1.0,1.0,1.0,True,0.05305218696594238,15,0.9968193384223919,9,0,1,1.0,0.9,0.9473684210526316,False,0.049449920654296875,15,0.9968193384223919,9,0,1,1.0,0.9,0.9473684210526316,False,0.33561229705810547,15,0.9968193384223919,0,0,10,0.0,0.0,0.0,False,0.3495771884918213,15,0.9968193384223919,0,0,10,0.0,0.0,0.0,False
385,1.3027429580688477,5,False,1.28108549118042,5,0.017586231231689453,15,0.9968193384223919,5,0,0,1.0,1.0,1.0,True,0.01621842384338379,15,0.9968193384223919,5,0,0,1.0,1.0,1.0,True,0.05387163162231445,47,0.9900339270568278,5,0,0,1.0,1.0,1.0,True,0.05706667900085449,47,0.9900339270568278,5,0,0,1.0,1.0,1.0,True,0.05141854286193848,15,0.9968193384223919,5,0,0,1.0,1.0,1.0,True,0.05357003211975098,15,0.9968193384223919,5,0,0,1.0,1.0,1.0,True,0.35920119285583496,15,0.9968193384223919,0,0,5,0.0,0.0,0.0,False,0.3497016429901123,15,0.9968193384223919,0,0,5,0.0,0.0,0.0,False
2039,1.2023820877075195,16,False,1.2467634677886963,16,0.016230106353759766,15,0.9968193384223919,15,0,1,1.0,0.9375,0.967741935483871,False,0.0166471004486084,15,0.9968193384223919,15,0,1,1.0,0.9375,0.967741935483871,False,0.05806112289428711,30,0.9936386768447837,16,0,0,1.0,1.0,1.0,True,0.05547022819519043,30,0.9936386768447837,16,0,0,1.0,1.0,1.0,True,0.05518603324890137,15,0.9968193384223919,15,0,1,1.0,0.9375,0.967741935483871,False,0.06157684326171875,15,0.9968193384223919,15,0,1,1.0,0.9375,0.967741935483871,False,0.38176655769348145,15,0.9968193384223919,0,0,16,0.0,0.0,0.0,False,0.3651163578033447,15,0.9968193384223919,0,0,16,0.0,0.0,0.0,False
981,1.18802809715271,24,False,1.1999683380126953,24,0.016080617904663086,15,0.9968193384223919,12,0,12,1.0,0.5,0.6666666666666666,False,0.01590561866760254,15,0.9968193384223919,12,0,12,1.0,0.5,0.6666666666666666,False,0.05507159233093262,35,0.9925784563189143,19,0,5,1.0,0.7916666666666666,0.8837209302325582,False,0.05687856674194336,35,0.9925784563189143,19,0,5,1.0,0.7916666666666666,0.8837209302325582,False,0.05064702033996582,15,0.9968193384223919,15,0,9,1.0,0.625,0.7692307692307693,False,0.04959988594055176,15,0.9968193384223919,15,0,9,1.0,0.625,0.7692307692307693,False,0.35482025146484375,15,0.9968193384223919,0,0,24,0.0,0.0,0.0,False,0.3407256603240967,15,0.9968193384223919,0,0,24,0.0,0.0,0.0,False
258,1.2291688919067383,12,False,1.1853322982788086,12,0.016289710998535156,15,0.9968193384223919,9,0,3,1.0,0.75,0.8571428571428571,False,0.016313552856445312,15,0.9968193384223919,9,0,3,1.0,0.75,0.8571428571428571,False,0.05646681785583496,33,0.9930025445292621,12,1,0,0.9230769230769231,1.0,0.9600000000000001,False,0.05428028106689453,33,0.9930025445292621,12,1,0,0.9230769230769231,1.0,0.9600000000000001,False,0.051567792892456055,15,0.9968193384223919,12,1,0,0.9230769230769231,1.0,0.9600000000000001,False,0.058553457260131836,15,0.9968193384223919,12,1,0,0.9230769230769231,1.0,0.9600000000000001,False,0.36238789558410645,15,0.9968193384223919,0,0,12,0.0,0.0,0.0,False,0.3336348533630371,15,0.9968193384223919,0,0,12,0.0,0.0,0.0,False
1679,1.1543552875518799,13,False,1.1771268844604492,13,0.016447067260742188,15,0.9968193384223919,12,0,1,1.0,0.9230769230769231,0.9600000000000001,False,0.01873040199279785,15,0.9968193384223919,12,0,1,1.0,0.9230769230769231,0.9600000000000001,False,0.06411123275756836,30,0.9936386768447837,13,0,0,1.0,1.0,1.0,True,0.07665491104125977,30,0.9936386768447837,13,0,0,1.0,1.0,1.0,True,0.06574106216430664,15,0.9968193384223919,13,0,0,1.0,1.0,1.0,True,0.05845999717712402,15,0.9968193384223919,13,0,0,1.0,1.0,1.0,True,0.37576723098754883,15,0.9968193384223919,0,0,13,0.0,0.0,0.0,False,0.34961462020874023,15,0.9968193384223919,0,0,13,0.0,0.0,0.0,False
1313,1.169097661972046,21,False,1.2030255794525146,21,0.01652240753173828,15,0.9968193384223919,12,0,9,1.0,0.5714285714285714,0.7272727272727273,False,0.016335725784301758,15,0.9968193384223919,12,0,9,1.0,0.5714285714285714,0.7272727272727273,False,0.05191993713378906,32,0.993214588634436,17,0,4,1.0,0.8095238095238095,0.8947368421052632,False,0.055468082427978516,32,0.993214588634436,17,0,4,1.0,0.8095238095238095,0.8947368421052632,False,0.048581838607788086,15,0.9968193384223919,15,0,6,1.0,0.7142857142857143,0.8333333333333333,False,0.049295902252197266,15,0.9968193384223919,15,0,6,1.0,0.7142857142857143,0.8333333333333333,False,0.3465406894683838,15,0.9968193384223919,0,0,21,0.0,0.0,0.0,False,0.33637070655822754,15,0.9968193384223919,0,0,21,0.0,0.0,0.0,False
2481,1.2203705310821533,9,False,1.2439093589782715,9,0.01633930206298828,15,0.9968193384223919,7,0,2,1.0,0.7777777777777778,0.8750000000000001,False,0.01635456085205078,15,0.9968193384223919,7,0,2,1.0,0.7777777777777778,0.8750000000000001,False,0.055414438247680664,41,0.991306191687871,9,0,0,1.0,1.0,1.0,True,0.06057000160217285,41,0.991306191687871,9,0,0,1.0,1.0,1.0,True,0.06067681312561035,15,0.9968193384223919,9,0,0,1.0,1.0,1.0,True,0.05722856521606445,15,0.9968193384223919,9,0,0,1.0,1.0,1.0,True,0.35866594314575195,15,0.9968193384223919,0,0,9,0.0,0.0,0.0,False,0.3354198932647705,15,0.9968193384223919,0,0,9,0.0,0.0,0.0,False
