qi,query_item,full_ssa_time,full_result_size,baseline_empty,Baseline_c2_min20_time,Baseline_c2_min20_cands,Baseline_c2_min20_refined,Baseline_c2_min20_result,Baseline_c2_min20_tp,Baseline_c2_min20_fp,Baseline_c2_min20_fn,Baseline_c2_min20_prec,Baseline_c2_min20_recall,Baseline_c2_min20_exact,c3_min20_time,c3_min20_cands,c3_min20_refined,c3_min20_result,c3_min20_tp,c3_min20_fp,c3_min20_fn,c3_min20_prec,c3_min20_recall,c3_min20_exact,c5_min20_time,c5_min20_cands,c5_min20_refined,c5_min20_result,c5_min20_tp,c5_min20_fp,c5_min20_fn,c5_min20_prec,c5_min20_recall,c5_min20_exact,c10_min20_time,c10_min20_cands,c10_min20_refined,c10_min20_result,c10_min20_tp,c10_min20_fp,c10_min20_fn,c10_min20_prec,c10_min20_recall,c10_min20_exact,c20_min20_time,c20_min20_cands,c20_min20_refined,c20_min20_result,c20_min20_tp,c20_min20_fp,c20_min20_fn,c20_min20_prec,c20_min20_recall,c20_min20_exact,c30_min20_time,c30_min20_cands,c30_min20_refined,c30_min20_result,c30_min20_tp,c30_min20_fp,c30_min20_fn,c30_min20_prec,c30_min20_recall,c30_min20_exact,c50_min20_time,c50_min20_cands,c50_min20_refined,c50_min20_result,c50_min20_tp,c50_min20_fp,c50_min20_fn,c50_min20_prec,c50_min20_recall,c50_min20_exact,c2_min50_time,c2_min50_cands,c2_min50_refined,c2_min50_result,c2_min50_tp,c2_min50_fp,c2_min50_fn,c2_min50_prec,c2_min50_recall,c2_min50_exact,c2_min100_time,c2_min100_cands,c2_min100_refined,c2_min100_result,c2_min100_tp,c2_min100_fp,c2_min100_fn,c2_min100_prec,c2_min100_recall,c2_min100_exact,c2_min200_time,c2_min200_cands,c2_min200_refined,c2_min200_result,c2_min200_tp,c2_min200_fp,c2_min200_fn,c2_min200_prec,c2_min200_recall,c2_min200_exact,c2_min300_time,c2_min300_cands,c2_min300_refined,c2_min300_result,c2_min300_tp,c2_min300_fp,c2_min300_fn,c2_min300_prec,c2_min300_recall,c2_min300_exact,c2_min500_time,c2_min500_cands,c2_min500_refined,c2_min500_result,c2_min500_tp,c2_min500_fp,c2_min500_fn,c2_min500_prec,c2_min500_recall,c2_min500_exact,c2_min200_bm2_time,c2_min200_bm2_cands,c2_min200_bm2_refined,c2_min200_bm2_result,c2_min200_bm2_tp,c2_min200_bm2_fp,c2_min200_bm2_fn,c2_min200_bm2_prec,c2_min200_bm2_recall,c2_min200_bm2_exact,c2_min200_bm5_time,c2_min200_bm5_cands,c2_min200_bm5_refined,c2_min200_bm5_result,c2_min200_bm5_tp,c2_min200_bm5_fp,c2_min200_bm5_fn,c2_min200_bm5_prec,c2_min200_bm5_recall,c2_min200_bm5_exact,c2_min200_bm10_time,c2_min200_bm10_cands,c2_min200_bm10_refined,c2_min200_bm10_result,c2_min200_bm10_tp,c2_min200_bm10_fp,c2_min200_bm10_fn,c2_min200_bm10_prec,c2_min200_bm10_recall,c2_min200_bm10_exact,c2_min200_bm20_time,c2_min200_bm20_cands,c2_min200_bm20_refined,c2_min200_bm20_result,c2_min200_bm20_tp,c2_min200_bm20_fp,c2_min200_bm20_fn,c2_min200_bm20_prec,c2_min200_bm20_recall,c2_min200_bm20_exact,c2_pool100_exact_time,c2_pool100_exact_cands,c2_pool100_exact_refined,c2_pool100_exact_result,c2_pool100_exact_tp,c2_pool100_exact_fp,c2_pool100_exact_fn,c2_pool100_exact_prec,c2_pool100_exact_recall,c2_pool100_exact_exact,c2_pool200_exact_time,c2_pool200_exact_cands,c2_pool200_exact_refined,c2_pool200_exact_result,c2_pool200_exact_tp,c2_pool200_exact_fp,c2_pool200_exact_fn,c2_pool200_exact_prec,c2_pool200_exact_recall,c2_pool200_exact_exact,c2_pool300_exact_time,c2_pool300_exact_cands,c2_pool300_exact_refined,c2_pool300_exact_result,c2_pool300_exact_tp,c2_pool300_exact_fp,c2_pool300_exact_fn,c2_pool300_exact_prec,c2_pool300_exact_recall,c2_pool300_exact_exact,c2_pool500_exact_time,c2_pool500_exact_cands,c2_pool500_exact_refined,c2_pool500_exact_result,c2_pool500_exact_tp,c2_pool500_exact_fp,c2_pool500_exact_fn,c2_pool500_exact_prec,c2_pool500_exact_recall,c2_pool500_exact_exact,c2_min200_bm5_pool500_exact_time,c2_min200_bm5_pool500_exact_cands,c2_min200_bm5_pool500_exact_refined,c2_min200_bm5_pool500_exact_result,c2_min200_bm5_pool500_exact_tp,c2_min200_bm5_pool500_exact_fp,c2_min200_bm5_pool500_exact_fn,c2_min200_bm5_pool500_exact_prec,c2_min200_bm5_pool500_exact_recall,c2_min200_bm5_pool500_exact_exact,c2_min200_bm10_pool500_exact_time,c2_min200_bm10_pool500_exact_cands,c2_min200_bm10_pool500_exact_refined,c2_min200_bm10_pool500_exact_result,c2_min200_bm10_pool500_exact_tp,c2_min200_bm10_pool500_exact_fp,c2_min200_bm10_pool500_exact_fn,c2_min200_bm10_pool500_exact_prec,c2_min200_bm10_pool500_exact_recall,c2_min200_bm10_pool500_exact_exact,c2_min500_bm10_pool500_exact_time,c2_min500_bm10_pool500_exact_cands,c2_min500_bm10_pool500_exact_refined,c2_min500_bm10_pool500_exact_result,c2_min500_bm10_pool500_exact_tp,c2_min500_bm10_pool500_exact_fp,c2_min500_bm10_pool500_exact_fn,c2_min500_bm10_pool500_exact_prec,c2_min500_bm10_pool500_exact_recall,c2_min500_bm10_pool500_exact_exact
0,1197,0.55218,0,True,0.00268,20,20,0,0,0,0,1.0,,1,0.0035,30,30,0,0,0,0,1.0,,1,0.02058,50,50,0,0,0,0,1.0,,1,0.01316,100,100,0,0,0,0,1.0,,1,0.02708,200,200,0,0,0,0,1.0,,1,0.0379,300,300,0,0,0,0,1.0,,1,0.06184,500,500,0,0,0,0,1.0,,1,0.00876,50,50,0,0,0,0,1.0,,1,0.014,100,100,0,0,0,0,1.0,,1,0.02416,200,200,0,0,0,0,1.0,,1,0.03797,300,300,0,0,0,0,1.0,,1,0.06262,500,500,0,0,0,0,1.0,,1,0.0264,200,200,0,0,0,0,1.0,,1,0.02506,200,200,0,0,0,0,1.0,,1,0.03316,200,200,0,0,0,0,1.0,,1,0.0271,200,200,0,0,0,0,1.0,,1,0.00597,100,0,0,0,0,0,1.0,,1,0.00836,200,0,0,0,0,0,1.0,,1,0.01328,300,0,0,0,0,0,1.0,,1,0.02338,500,0,0,0,0,0,1.0,,1,0.00974,200,0,0,0,0,0,1.0,,1,0.00929,200,0,0,0,0,0,1.0,,1,0.02522,500,0,0,0,0,0,1.0,,1
1,1522,0.54848,2,False,0.00255,20,20,2,2,0,0,1.0,1.0,1,0.00296,30,30,2,2,0,0,1.0,1.0,1,0.02123,50,50,2,2,0,0,1.0,1.0,1,0.01447,100,100,2,2,0,0,1.0,1.0,1,0.02879,200,200,2,2,0,0,1.0,1.0,1,0.03944,300,300,2,2,0,0,1.0,1.0,1,0.06316,500,500,2,2,0,0,1.0,1.0,1,0.00864,50,50,2,2,0,0,1.0,1.0,1,0.01399,100,100,2,2,0,0,1.0,1.0,1,0.02504,200,200,2,2,0,0,1.0,1.0,1,0.04067,300,300,2,2,0,0,1.0,1.0,1,0.08651,500,500,2,2,0,0,1.0,1.0,1,0.08149,200,200,2,2,0,0,1.0,1.0,1,0.04428,200,200,2,2,0,0,1.0,1.0,1,0.03069,200,200,2,2,0,0,1.0,1.0,1,0.03052,200,200,2,2,0,0,1.0,1.0,1,0.01056,100,2,2,2,0,0,1.0,1.0,1,0.01244,200,2,2,2,0,0,1.0,1.0,1,0.01659,300,2,2,2,0,0,1.0,1.0,1,0.02524,500,2,2,2,0,0,1.0,1.0,1,0.01155,200,2,2,2,0,0,1.0,1.0,1,0.01075,200,2,2,2,0,0,1.0,1.0,1,0.02524,500,2,2,2,0,0,1.0,1.0,1
2,1337,0.56542,0,True,0.00258,20,20,0,0,0,0,1.0,,1,0.00333,30,30,0,0,0,0,1.0,,1,0.02416,50,50,0,0,0,0,1.0,,1,0.01469,100,100,0,0,0,0,1.0,,1,0.02559,200,200,0,0,0,0,1.0,,1,0.03854,300,300,0,0,0,0,1.0,,1,0.06346,500,500,0,0,0,0,1.0,,1,0.00888,50,50,0,0,0,0,1.0,,1,0.01586,100,100,0,0,0,0,1.0,,1,0.04244,200,200,0,0,0,0,1.0,,1,0.04033,300,300,0,0,0,0,1.0,,1,0.06436,500,500,0,0,0,0,1.0,,1,0.03282,200,200,0,0,0,0,1.0,,1,0.02928,200,200,0,0,0,0,1.0,,1,0.02763,200,200,0,0,0,0,1.0,,1,0.02508,200,200,0,0,0,0,1.0,,1,0.00635,100,0,0,0,0,0,1.0,,1,0.00868,200,0,0,0,0,0,1.0,,1,0.01361,300,0,0,0,0,0,1.0,,1,0.02724,500,0,0,0,0,0,1.0,,1,0.00891,200,0,0,0,0,0,1.0,,1,0.01227,200,0,0,0,0,0,1.0,,1,0.02576,500,0,0,0,0,0,1.0,,1
3,263,0.55905,0,True,0.00269,20,20,0,0,0,0,1.0,,1,0.00302,30,30,0,0,0,0,1.0,,1,0.01049,50,50,0,0,0,0,1.0,,1,0.01214,100,100,0,0,0,0,1.0,,1,0.02553,200,200,0,0,0,0,1.0,,1,0.043,300,300,0,0,0,0,1.0,,1,0.06752,500,500,0,0,0,0,1.0,,1,0.00991,50,50,0,0,0,0,1.0,,1,0.01285,100,100,0,0,0,0,1.0,,1,0.02762,200,200,0,0,0,0,1.0,,1,0.0395,300,300,0,0,0,0,1.0,,1,0.06324,500,500,0,0,0,0,1.0,,1,0.0318,200,200,0,0,0,0,1.0,,1,0.02661,200,200,0,0,0,0,1.0,,1,0.02916,200,200,0,0,0,0,1.0,,1,0.02802,200,200,0,0,0,0,1.0,,1,0.00894,100,0,0,0,0,0,1.0,,1,0.00896,200,0,0,0,0,0,1.0,,1,0.01422,300,0,0,0,0,0,1.0,,1,0.03288,500,0,0,0,0,0,1.0,,1,0.01046,200,0,0,0,0,0,1.0,,1,0.00968,200,0,0,0,0,0,1.0,,1,0.02948,500,0,0,0,0,0,1.0,,1
4,2335,0.57174,0,True,0.00335,20,20,0,0,0,0,1.0,,1,0.00341,30,30,0,0,0,0,1.0,,1,0.00981,50,50,0,0,0,0,1.0,,1,0.0138,100,100,0,0,0,0,1.0,,1,0.02688,200,200,0,0,0,0,1.0,,1,0.0417,300,300,0,0,0,0,1.0,,1,0.06275,500,500,0,0,0,0,1.0,,1,0.00907,50,50,0,0,0,0,1.0,,1,0.01427,100,100,0,0,0,0,1.0,,1,0.02436,200,200,0,0,0,0,1.0,,1,0.04046,300,300,0,0,0,0,1.0,,1,0.06445,500,500,0,0,0,0,1.0,,1,0.02907,200,200,0,0,0,0,1.0,,1,0.02622,200,200,0,0,0,0,1.0,,1,0.03017,200,200,0,0,0,0,1.0,,1,0.02631,200,200,0,0,0,0,1.0,,1,0.00769,100,0,0,0,0,0,1.0,,1,0.00852,200,0,0,0,0,0,1.0,,1,0.01516,300,0,0,0,0,0,1.0,,1,0.02994,500,0,0,0,0,0,1.0,,1,0.01129,200,0,0,0,0,0,1.0,,1,0.00956,200,0,0,0,0,0,1.0,,1,0.02419,500,0,0,0,0,0,1.0,,1
5,2908,0.59302,0,True,0.00285,20,20,0,0,0,0,1.0,,1,0.00342,30,30,0,0,0,0,1.0,,1,0.00819,50,50,0,0,0,0,1.0,,1,0.01605,100,100,0,0,0,0,1.0,,1,0.02669,200,200,0,0,0,0,1.0,,1,0.04323,300,300,0,0,0,0,1.0,,1,0.06676,500,500,0,0,0,0,1.0,,1,0.00614,50,50,0,0,0,0,1.0,,1,0.01542,100,100,0,0,0,0,1.0,,1,0.0272,200,200,0,0,0,0,1.0,,1,0.04251,300,300,0,0,0,0,1.0,,1,0.0689,500,500,0,0,0,0,1.0,,1,0.02526,200,200,0,0,0,0,1.0,,1,0.02506,200,200,0,0,0,0,1.0,,1,0.02796,200,200,0,0,0,0,1.0,,1,0.02719,200,200,0,0,0,0,1.0,,1,0.0071,100,0,0,0,0,0,1.0,,1,0.00891,200,0,0,0,0,0,1.0,,1,0.01418,300,0,0,0,0,0,1.0,,1,0.02589,500,0,0,0,0,0,1.0,,1,0.00899,200,0,0,0,0,0,1.0,,1,0.01214,200,0,0,0,0,0,1.0,,1,0.02427,500,0,0,0,0,0,1.0,,1
6,1916,0.5965,0,True,0.00305,20,20,0,0,0,0,1.0,,1,0.00313,30,30,0,0,0,0,1.0,,1,0.01906,50,50,0,0,0,0,1.0,,1,0.01518,100,100,0,0,0,0,1.0,,1,0.0289,200,200,0,0,0,0,1.0,,1,0.03833,300,300,0,0,0,0,1.0,,1,0.06366,500,500,0,0,0,0,1.0,,1,0.00597,50,50,0,0,0,0,1.0,,1,0.01448,100,100,0,0,0,0,1.0,,1,0.02795,200,200,0,0,0,0,1.0,,1,0.03824,300,300,0,0,0,0,1.0,,1,0.06283,500,500,0,0,0,0,1.0,,1,0.02738,200,200,0,0,0,0,1.0,,1,0.02515,200,200,0,0,0,0,1.0,,1,0.02655,200,200,0,0,0,0,1.0,,1,0.02504,200,200,0,0,0,0,1.0,,1,0.00639,100,0,0,0,0,0,1.0,,1,0.00868,200,0,0,0,0,0,1.0,,1,0.01386,300,0,0,0,0,0,1.0,,1,0.03134,500,0,0,0,0,0,1.0,,1,0.01261,200,0,0,0,0,0,1.0,,1,0.00975,200,0,0,0,0,0,1.0,,1,0.02348,500,0,0,0,0,0,1.0,,1
7,2096,0.55122,0,True,0.00251,20,20,0,0,0,0,1.0,,1,0.00299,30,30,0,0,0,0,1.0,,1,0.00811,50,50,0,0,0,0,1.0,,1,0.01223,100,100,0,0,0,0,1.0,,1,0.02703,200,200,0,0,0,0,1.0,,1,0.03828,300,300,0,0,0,0,1.0,,1,0.06202,500,500,0,0,0,0,1.0,,1,0.00872,50,50,0,0,0,0,1.0,,1,0.01381,100,100,0,0,0,0,1.0,,1,0.02585,200,200,0,0,0,0,1.0,,1,0.03873,300,300,0,0,0,0,1.0,,1,0.06273,500,500,0,0,0,0,1.0,,1,0.02658,200,200,0,0,0,0,1.0,,1,0.02535,200,200,0,0,0,0,1.0,,1,0.03589,200,200,0,0,0,0,1.0,,1,0.02875,200,200,0,0,0,0,1.0,,1,0.00474,100,0,0,0,0,0,1.0,,1,0.0091,200,0,0,0,0,0,1.0,,1,0.01884,300,0,0,0,0,0,1.0,,1,0.02349,500,0,0,0,0,0,1.0,,1,0.0086,200,0,0,0,0,0,1.0,,1,0.01105,200,0,0,0,0,0,1.0,,1,0.02368,500,0,0,0,0,0,1.0,,1
8,827,0.56857,0,True,0.00254,20,20,0,0,0,0,1.0,,1,0.00301,30,30,0,0,0,0,1.0,,1,0.0088,50,50,0,0,0,0,1.0,,1,0.01494,100,100,0,0,0,0,1.0,,1,0.02492,200,200,0,0,0,0,1.0,,1,0.04214,300,300,0,0,0,0,1.0,,1,0.06324,500,500,0,0,0,0,1.0,,1,0.00573,50,50,0,0,0,0,1.0,,1,0.01387,100,100,0,0,0,0,1.0,,1,0.02492,200,200,0,0,0,0,1.0,,1,0.04042,300,300,0,0,0,0,1.0,,1,0.06732,500,500,0,0,0,0,1.0,,1,0.02718,200,200,0,0,0,0,1.0,,1,0.02572,200,200,0,0,0,0,1.0,,1,0.02749,200,200,0,0,0,0,1.0,,1,0.02612,200,200,0,0,0,0,1.0,,1,0.00698,100,0,0,0,0,0,1.0,,1,0.00868,200,0,0,0,0,0,1.0,,1,0.01379,300,0,0,0,0,0,1.0,,1,0.02766,500,0,0,0,0,0,1.0,,1,0.00963,200,0,0,0,0,0,1.0,,1,0.00955,200,0,0,0,0,0,1.0,,1,0.02471,500,0,0,0,0,0,1.0,,1
9,1335,0.56047,0,True,0.00255,20,20,0,0,0,0,1.0,,1,0.00305,30,30,0,0,0,0,1.0,,1,0.00942,50,50,0,0,0,0,1.0,,1,0.01493,100,100,0,0,0,0,1.0,,1,0.02393,200,200,0,0,0,0,1.0,,1,0.03872,300,300,0,0,0,0,1.0,,1,0.06436,500,500,0,0,0,0,1.0,,1,0.00764,50,50,0,0,0,0,1.0,,1,0.01753,100,100,0,0,0,0,1.0,,1,0.025,200,200,0,0,0,0,1.0,,1,0.03998,300,300,0,0,0,0,1.0,,1,0.06286,500,500,0,0,0,0,1.0,,1,0.02664,200,200,0,0,0,0,1.0,,1,0.02691,200,200,0,0,0,0,1.0,,1,0.02644,200,200,0,0,0,0,1.0,,1,0.02732,200,200,0,0,0,0,1.0,,1,0.00581,100,0,0,0,0,0,1.0,,1,0.00965,200,0,0,0,0,0,1.0,,1,0.01425,300,0,0,0,0,0,1.0,,1,0.02746,500,0,0,0,0,0,1.0,,1,0.00831,200,0,0,0,0,0,1.0,,1,0.00927,200,0,0,0,0,0,1.0,,1,0.02597,500,0,0,0,0,0,1.0,,1
10,1061,0.54976,159,False,0.00254,20,20,20,20,0,139,1.0,0.12579,0,0.00296,30,30,30,30,0,129,1.0,0.18868,0,0.00715,50,50,50,50,0,109,1.0,0.31447,0,0.02188,100,100,100,100,0,59,1.0,0.62893,0,0.02689,200,200,159,159,0,0,1.0,1.0,1,0.04241,300,300,160,159,1,0,0.99375,1.0,0,0.06559,500,500,159,159,0,0,1.0,1.0,1,0.0076,50,50,50,50,0,109,1.0,0.31447,0,0.01224,100,100,100,100,0,59,1.0,0.62893,0,0.02655,200,200,159,159,0,0,1.0,1.0,1,0.03931,300,300,160,159,1,0,0.99375,1.0,0,0.06381,500,500,159,159,0,0,1.0,1.0,1,0.0312,200,200,159,159,0,0,1.0,1.0,1,0.06068,268,268,161,159,2,0,0.98758,1.0,0,0.10776,394,394,160,159,1,0,0.99375,1.0,0,0.10034,708,708,159,159,0,0,1.0,1.0,1,0.0277,100,100,100,100,0,59,1.0,0.62893,0,0.03144,200,159,159,159,0,0,1.0,1.0,1,0.04063,300,160,159,159,0,0,1.0,1.0,1,0.05029,500,159,159,159,0,0,1.0,1.0,1,0.03526,268,161,159,159,0,0,1.0,1.0,1,0.04286,394,160,159,159,0,0,1.0,1.0,1,0.04986,500,159,159,159,0,0,1.0,1.0,1
11,2033,0.56155,0,True,0.00252,20,20,0,0,0,0,1.0,,1,0.00318,30,30,0,0,0,0,1.0,,1,0.01299,50,50,0,0,0,0,1.0,,1,0.0164,100,100,0,0,0,0,1.0,,1,0.02413,200,200,0,0,0,0,1.0,,1,0.03805,300,300,0,0,0,0,1.0,,1,0.06554,500,500,0,0,0,0,1.0,,1,0.00723,50,50,0,0,0,0,1.0,,1,0.01247,100,100,0,0,0,0,1.0,,1,0.02596,200,200,0,0,0,0,1.0,,1,0.03976,300,300,0,0,0,0,1.0,,1,0.06307,500,500,0,0,0,0,1.0,,1,0.02694,200,200,0,0,0,0,1.0,,1,0.0262,200,200,0,0,0,0,1.0,,1,0.0262,200,200,0,0,0,0,1.0,,1,0.02464,200,200,0,0,0,0,1.0,,1,0.00577,100,0,0,0,0,0,1.0,,1,0.00831,200,0,0,0,0,0,1.0,,1,0.0137,300,0,0,0,0,0,1.0,,1,0.03401,500,0,0,0,0,0,1.0,,1,0.00996,200,0,0,0,0,0,1.0,,1,0.00936,200,0,0,0,0,0,1.0,,1,0.02519,500,0,0,0,0,0,1.0,,1
12,1279,0.56974,0,True,0.00262,20,20,0,0,0,0,1.0,,1,0.00402,30,30,0,0,0,0,1.0,,1,0.04259,50,50,0,0,0,0,1.0,,1,0.04151,100,100,0,0,0,0,1.0,,1,0.03064,200,200,0,0,0,0,1.0,,1,0.04193,300,300,0,0,0,0,1.0,,1,0.06852,500,500,0,0,0,0,1.0,,1,0.00612,50,50,0,0,0,0,1.0,,1,0.01604,100,100,0,0,0,0,1.0,,1,0.03136,200,200,0,0,0,0,1.0,,1,0.04163,300,300,0,0,0,0,1.0,,1,0.06843,500,500,0,0,0,0,1.0,,1,0.03619,200,200,0,0,0,0,1.0,,1,0.02736,200,200,0,0,0,0,1.0,,1,0.03384,200,200,0,0,0,0,1.0,,1,0.02588,200,200,0,0,0,0,1.0,,1,0.00805,100,0,0,0,0,0,1.0,,1,0.00917,200,0,0,0,0,0,1.0,,1,0.01468,300,0,0,0,0,0,1.0,,1,0.03025,500,0,0,0,0,0,1.0,,1,0.00993,200,0,0,0,0,0,1.0,,1,0.00999,200,0,0,0,0,0,1.0,,1,0.02623,500,0,0,0,0,0,1.0,,1
13,203,0.60226,0,True,0.00275,20,20,0,0,0,0,1.0,,1,0.00324,30,30,0,0,0,0,1.0,,1,0.01185,50,50,0,0,0,0,1.0,,1,0.01305,100,100,0,0,0,0,1.0,,1,0.02721,200,200,0,0,0,0,1.0,,1,0.03884,300,300,0,0,0,0,1.0,,1,0.06426,500,500,0,0,0,0,1.0,,1,0.00458,50,50,0,0,0,0,1.0,,1,0.01467,100,100,0,0,0,0,1.0,,1,0.0523,200,200,0,0,0,0,1.0,,1,0.07728,300,300,0,0,0,0,1.0,,1,0.09146,500,500,0,0,0,0,1.0,,1,0.03274,200,200,0,0,0,0,1.0,,1,0.02722,200,200,0,0,0,0,1.0,,1,0.02921,200,200,0,0,0,0,1.0,,1,0.02733,200,200,0,0,0,0,1.0,,1,0.00833,100,0,0,0,0,0,1.0,,1,0.01117,200,0,0,0,0,0,1.0,,1,0.01681,300,0,0,0,0,0,1.0,,1,0.03311,500,0,0,0,0,0,1.0,,1,0.01077,200,0,0,0,0,0,1.0,,1,0.01074,200,0,0,0,0,0,1.0,,1,0.02608,500,0,0,0,0,0,1.0,,1
14,2331,0.57921,0,True,0.0026,20,20,0,0,0,0,1.0,,1,0.00326,30,30,0,0,0,0,1.0,,1,0.05531,50,50,0,0,0,0,1.0,,1,0.01945,100,100,0,0,0,0,1.0,,1,0.02837,200,200,0,0,0,0,1.0,,1,0.04404,300,300,0,0,0,0,1.0,,1,0.06972,500,500,0,0,0,0,1.0,,1,0.00846,50,50,0,0,0,0,1.0,,1,0.01351,100,100,0,0,0,0,1.0,,1,0.02548,200,200,0,0,0,0,1.0,,1,0.04191,300,300,0,0,0,0,1.0,,1,0.08577,500,500,0,0,0,0,1.0,,1,0.03239,200,200,0,0,0,0,1.0,,1,0.07799,200,200,0,0,0,0,1.0,,1,0.10142,200,200,0,0,0,0,1.0,,1,0.03029,200,200,0,0,0,0,1.0,,1,0.03191,100,0,0,0,0,0,1.0,,1,0.02437,200,0,0,0,0,0,1.0,,1,0.01684,300,0,0,0,0,0,1.0,,1,0.02838,500,0,0,0,0,0,1.0,,1,0.01054,200,0,0,0,0,0,1.0,,1,0.01326,200,0,0,0,0,0,1.0,,1,0.0273,500,0,0,0,0,0,1.0,,1
15,1558,0.63049,0,True,0.00298,20,20,0,0,0,0,1.0,,1,0.00425,30,30,0,0,0,0,1.0,,1,0.00859,50,50,0,0,0,0,1.0,,1,0.0195,100,100,0,0,0,0,1.0,,1,0.03118,200,200,0,0,0,0,1.0,,1,0.05141,300,300,0,0,0,0,1.0,,1,0.07039,500,500,0,0,0,0,1.0,,1,0.01123,50,50,0,0,0,0,1.0,,1,0.01433,100,100,0,0,0,0,1.0,,1,0.02903,200,200,0,0,0,0,1.0,,1,0.04182,300,300,0,0,0,0,1.0,,1,0.06675,500,500,0,0,0,0,1.0,,1,0.02694,200,200,0,0,0,0,1.0,,1,0.02719,200,200,0,0,0,0,1.0,,1,0.02718,200,200,0,0,0,0,1.0,,1,0.0267,200,200,0,0,0,0,1.0,,1,0.00736,100,0,0,0,0,0,1.0,,1,0.00921,200,0,0,0,0,0,1.0,,1,0.01389,300,0,0,0,0,0,1.0,,1,0.02957,500,0,0,0,0,0,1.0,,1,0.00918,200,0,0,0,0,0,1.0,,1,0.00979,200,0,0,0,0,0,1.0,,1,0.03203,500,0,0,0,0,0,1.0,,1
16,1486,0.5708,0,True,0.0026,20,20,0,0,0,0,1.0,,1,0.00319,30,30,0,0,0,0,1.0,,1,0.00436,50,50,0,0,0,0,1.0,,1,0.01429,100,100,0,0,0,0,1.0,,1,0.02736,200,200,0,0,0,0,1.0,,1,0.03849,300,300,0,0,0,0,1.0,,1,0.06634,500,500,0,0,0,0,1.0,,1,0.0073,50,50,0,0,0,0,1.0,,1,0.01267,100,100,0,0,0,0,1.0,,1,0.02717,200,200,0,0,0,0,1.0,,1,0.04026,300,300,0,0,0,0,1.0,,1,0.0696,500,500,0,0,0,0,1.0,,1,0.02822,200,200,0,0,0,0,1.0,,1,0.02653,200,200,0,0,0,0,1.0,,1,0.02754,200,200,0,0,0,0,1.0,,1,0.03217,200,200,0,0,0,0,1.0,,1,0.00692,100,0,0,0,0,0,1.0,,1,0.00952,200,0,0,0,0,0,1.0,,1,0.0172,300,0,0,0,0,0,1.0,,1,0.02945,500,0,0,0,0,0,1.0,,1,0.01089,200,0,0,0,0,0,1.0,,1,0.00888,200,0,0,0,0,0,1.0,,1,0.0247,500,0,0,0,0,0,1.0,,1
17,2268,0.56269,0,True,0.00256,20,20,0,0,0,0,1.0,,1,0.00319,30,30,0,0,0,0,1.0,,1,0.01693,50,50,0,0,0,0,1.0,,1,0.01589,100,100,0,0,0,0,1.0,,1,0.02537,200,200,0,0,0,0,1.0,,1,0.0377,300,300,0,0,0,0,1.0,,1,0.06681,500,500,0,0,0,0,1.0,,1,0.00757,50,50,0,0,0,0,1.0,,1,0.0144,100,100,0,0,0,0,1.0,,1,0.02769,200,200,0,0,0,0,1.0,,1,0.03899,300,300,0,0,0,0,1.0,,1,0.06403,500,500,0,0,0,0,1.0,,1,0.02886,200,200,0,0,0,0,1.0,,1,0.02485,200,200,0,0,0,0,1.0,,1,0.02767,200,200,0,0,0,0,1.0,,1,0.02826,200,200,0,0,0,0,1.0,,1,0.00495,100,0,0,0,0,0,1.0,,1,0.00869,200,0,0,0,0,0,1.0,,1,0.01487,300,0,0,0,0,0,1.0,,1,0.02793,500,0,0,0,0,0,1.0,,1,0.01201,200,0,0,0,0,0,1.0,,1,0.00973,200,0,0,0,0,0,1.0,,1,0.02806,500,0,0,0,0,0,1.0,,1
18,596,0.56292,0,True,0.00253,20,20,0,0,0,0,1.0,,1,0.00327,30,30,0,0,0,0,1.0,,1,0.00828,50,50,0,0,0,0,1.0,,1,0.01402,100,100,0,0,0,0,1.0,,1,0.0257,200,200,0,0,0,0,1.0,,1,0.03827,300,300,0,0,0,0,1.0,,1,0.067,500,500,0,0,0,0,1.0,,1,0.0044,50,50,0,0,0,0,1.0,,1,0.01788,100,100,0,0,0,0,1.0,,1,0.02882,200,200,0,0,0,0,1.0,,1,0.03914,300,300,0,0,0,0,1.0,,1,0.06563,500,500,0,0,0,0,1.0,,1,0.02922,200,200,0,0,0,0,1.0,,1,0.02733,200,200,0,0,0,0,1.0,,1,0.02764,200,200,0,0,0,0,1.0,,1,0.02772,200,200,0,0,0,0,1.0,,1,0.00499,100,0,0,0,0,0,1.0,,1,0.00867,200,0,0,0,0,0,1.0,,1,0.01339,300,0,0,0,0,0,1.0,,1,0.0282,500,0,0,0,0,0,1.0,,1,0.01101,200,0,0,0,0,0,1.0,,1,0.01904,200,0,0,0,0,0,1.0,,1,0.02627,500,0,0,0,0,0,1.0,,1
19,2493,0.58812,0,True,0.00266,20,20,0,0,0,0,1.0,,1,0.00318,30,30,0,0,0,0,1.0,,1,0.00441,50,50,0,0,0,0,1.0,,1,0.01583,100,100,0,0,0,0,1.0,,1,0.02813,200,200,0,0,0,0,1.0,,1,0.03884,300,300,0,0,0,0,1.0,,1,0.06745,500,500,0,0,0,0,1.0,,1,0.00916,50,50,0,0,0,0,1.0,,1,0.01464,100,100,0,0,0,0,1.0,,1,0.0257,200,200,0,0,0,0,1.0,,1,0.03993,300,300,0,0,0,0,1.0,,1,0.06306,500,500,0,0,0,0,1.0,,1,0.02676,200,200,0,0,0,0,1.0,,1,0.02633,200,200,0,0,0,0,1.0,,1,0.03534,200,200,0,0,0,0,1.0,,1,0.03268,200,200,0,0,0,0,1.0,,1,0.00657,100,0,0,0,0,0,1.0,,1,0.00906,200,0,0,0,0,0,1.0,,1,0.01388,300,0,0,0,0,0,1.0,,1,0.02693,500,0,0,0,0,0,1.0,,1,0.00889,200,0,0,0,0,0,1.0,,1,0.01345,200,0,0,0,0,0,1.0,,1,0.02663,500,0,0,0,0,0,1.0,,1
20,1654,0.55951,0,True,0.00259,20,20,0,0,0,0,1.0,,1,0.00303,30,30,0,0,0,0,1.0,,1,0.02113,50,50,0,0,0,0,1.0,,1,0.01423,100,100,0,0,0,0,1.0,,1,0.02499,200,200,0,0,0,0,1.0,,1,0.03858,300,300,0,0,0,0,1.0,,1,0.06425,500,500,0,0,0,0,1.0,,1,0.00458,50,50,0,0,0,0,1.0,,1,0.01543,100,100,0,0,0,0,1.0,,1,0.02723,200,200,0,0,0,0,1.0,,1,0.04776,300,300,0,0,0,0,1.0,,1,0.07039,500,500,0,0,0,0,1.0,,1,0.02991,200,200,0,0,0,0,1.0,,1,0.02618,200,200,0,0,0,0,1.0,,1,0.03199,200,200,0,0,0,0,1.0,,1,0.02831,200,200,0,0,0,0,1.0,,1,0.00702,100,0,0,0,0,0,1.0,,1,0.00956,200,0,0,0,0,0,1.0,,1,0.01495,300,0,0,0,0,0,1.0,,1,0.03121,500,0,0,0,0,0,1.0,,1,0.00931,200,0,0,0,0,0,1.0,,1,0.01225,200,0,0,0,0,0,1.0,,1,0.02881,500,0,0,0,0,0,1.0,,1
21,2450,0.5679,62,False,0.00291,20,20,20,20,0,42,1.0,0.32258,0,0.00372,30,30,30,30,0,32,1.0,0.48387,0,0.00497,50,50,50,49,1,13,0.98,0.79032,0,0.01514,100,100,62,61,1,1,0.98387,0.98387,0,0.02743,200,200,62,62,0,0,1.0,1.0,1,0.04092,300,300,62,62,0,0,1.0,1.0,1,0.06393,500,500,62,62,0,0,1.0,1.0,1,0.00792,50,50,50,49,1,13,0.98,0.79032,0,0.01281,100,100,62,61,1,1,0.98387,0.98387,0,0.02867,200,200,62,62,0,0,1.0,1.0,1,0.03989,300,300,62,62,0,0,1.0,1.0,1,0.06449,500,500,62,62,0,0,1.0,1.0,1,0.03021,200,200,62,62,0,0,1.0,1.0,1,0.0286,200,200,62,62,0,0,1.0,1.0,1,0.04618,366,366,62,62,0,0,1.0,1.0,1,0.08918,685,685,62,62,0,0,1.0,1.0,1,0.01449,100,62,62,61,1,1,0.98387,0.98387,0,0.01458,200,62,61,61,0,1,1.0,0.98387,0,0.0222,300,62,61,61,0,1,1.0,0.98387,0,0.03825,500,62,61,61,0,1,1.0,0.98387,0,0.01446,200,62,61,61,0,1,1.0,0.98387,0,0.02502,366,62,61,61,0,1,1.0,0.98387,0,0.0295,500,62,61,61,0,1,1.0,0.98387,0
22,494,0.57523,0,True,0.00281,20,20,0,0,0,0,1.0,,1,0.0031,30,30,0,0,0,0,1.0,,1,0.00413,50,50,0,0,0,0,1.0,,1,0.01723,100,100,0,0,0,0,1.0,,1,0.02701,200,200,0,0,0,0,1.0,,1,0.04129,300,300,0,0,0,0,1.0,,1,0.07213,500,500,0,0,0,0,1.0,,1,0.00436,50,50,0,0,0,0,1.0,,1,0.0124,100,100,0,0,0,0,1.0,,1,0.02502,200,200,0,0,0,0,1.0,,1,0.04044,300,300,0,0,0,0,1.0,,1,0.06577,500,500,0,0,0,0,1.0,,1,0.0273,200,200,0,0,0,0,1.0,,1,0.0283,200,200,0,0,0,0,1.0,,1,0.02779,200,200,0,0,0,0,1.0,,1,0.02559,200,200,0,0,0,0,1.0,,1,0.00627,100,0,0,0,0,0,1.0,,1,0.00841,200,0,0,0,0,0,1.0,,1,0.01355,300,0,0,0,0,0,1.0,,1,0.02957,500,0,0,0,0,0,1.0,,1,0.01046,200,0,0,0,0,0,1.0,,1,0.00939,200,0,0,0,0,0,1.0,,1,0.02815,500,0,0,0,0,0,1.0,,1
23,2062,0.56147,0,True,0.00281,20,20,0,0,0,0,1.0,,1,0.00293,30,30,0,0,0,0,1.0,,1,0.00764,50,50,0,0,0,0,1.0,,1,0.01577,100,100,0,0,0,0,1.0,,1,0.02691,200,200,0,0,0,0,1.0,,1,0.03826,300,300,0,0,0,0,1.0,,1,0.13004,500,500,0,0,0,0,1.0,,1,0.02174,50,50,0,0,0,0,1.0,,1,0.02339,100,100,0,0,0,0,1.0,,1,0.02958,200,200,0,0,0,0,1.0,,1,0.0423,300,300,0,0,0,0,1.0,,1,0.07234,500,500,0,0,0,0,1.0,,1,0.0264,200,200,0,0,0,0,1.0,,1,0.03184,200,200,0,0,0,0,1.0,,1,0.02884,200,200,0,0,0,0,1.0,,1,0.02839,200,200,0,0,0,0,1.0,,1,0.00752,100,0,0,0,0,0,1.0,,1,0.009,200,0,0,0,0,0,1.0,,1,0.01435,300,0,0,0,0,0,1.0,,1,0.02951,500,0,0,0,0,0,1.0,,1,0.01146,200,0,0,0,0,0,1.0,,1,0.00976,200,0,0,0,0,0,1.0,,1,0.02729,500,0,0,0,0,0,1.0,,1
24,2650,0.56585,26,False,0.00275,20,20,20,20,0,6,1.0,0.76923,0,0.00343,30,30,26,26,0,0,1.0,1.0,1,0.0053,50,50,26,26,0,0,1.0,1.0,1,0.01577,100,100,26,26,0,0,1.0,1.0,1,0.02383,200,200,26,26,0,0,1.0,1.0,1,0.0384,300,300,26,26,0,0,1.0,1.0,1,0.06237,500,500,26,26,0,0,1.0,1.0,1,0.00445,50,50,26,26,0,0,1.0,1.0,1,0.01633,100,100,26,26,0,0,1.0,1.0,1,0.02714,200,200,26,26,0,0,1.0,1.0,1,0.03988,300,300,26,26,0,0,1.0,1.0,1,0.06238,500,500,26,26,0,0,1.0,1.0,1,0.02595,200,200,26,26,0,0,1.0,1.0,1,0.02509,200,200,26,26,0,0,1.0,1.0,1,0.02969,200,200,26,26,0,0,1.0,1.0,1,0.02581,200,200,26,26,0,0,1.0,1.0,1,0.01107,100,26,26,26,0,0,1.0,1.0,1,0.01514,200,26,26,26,0,0,1.0,1.0,1,0.01692,300,26,26,26,0,0,1.0,1.0,1,0.03709,500,26,26,26,0,0,1.0,1.0,1,0.01216,200,26,26,26,0,0,1.0,1.0,1,0.0138,200,26,26,26,0,0,1.0,1.0,1,0.03633,500,26,26,26,0,0,1.0,1.0,1
25,2677,0.61664,0,True,0.00272,20,20,0,0,0,0,1.0,,1,0.00323,30,30,0,0,0,0,1.0,,1,0.00565,50,50,0,0,0,0,1.0,,1,0.01786,100,100,0,0,0,0,1.0,,1,0.03014,200,200,0,0,0,0,1.0,,1,0.03942,300,300,0,0,0,0,1.0,,1,0.06257,500,500,0,0,0,0,1.0,,1,0.00466,50,50,0,0,0,0,1.0,,1,0.0154,100,100,0,0,0,0,1.0,,1,0.02794,200,200,0,0,0,0,1.0,,1,0.04245,300,300,0,0,0,0,1.0,,1,0.06301,500,500,0,0,0,0,1.0,,1,0.02879,200,200,0,0,0,0,1.0,,1,0.03215,200,200,0,0,0,0,1.0,,1,0.05099,200,200,0,0,0,0,1.0,,1,0.02583,200,200,0,0,0,0,1.0,,1,0.00695,100,0,0,0,0,0,1.0,,1,0.00905,200,0,0,0,0,0,1.0,,1,0.01488,300,0,0,0,0,0,1.0,,1,0.02474,500,0,0,0,0,0,1.0,,1,0.00964,200,0,0,0,0,0,1.0,,1,0.01224,200,0,0,0,0,0,1.0,,1,0.02552,500,0,0,0,0,0,1.0,,1
26,1296,0.56148,0,True,0.00281,20,20,0,0,0,0,1.0,,1,0.00307,30,30,0,0,0,0,1.0,,1,0.01449,50,50,0,0,0,0,1.0,,1,0.01362,100,100,0,0,0,0,1.0,,1,0.02762,200,200,0,0,0,0,1.0,,1,0.04133,300,300,0,0,0,0,1.0,,1,0.06342,500,500,0,0,0,0,1.0,,1,0.00476,50,50,0,0,0,0,1.0,,1,0.01247,100,100,0,0,0,0,1.0,,1,0.02694,200,200,0,0,0,0,1.0,,1,0.05197,300,300,0,0,0,0,1.0,,1,0.06346,500,500,0,0,0,0,1.0,,1,0.03192,200,200,0,0,0,0,1.0,,1,0.02954,200,200,0,0,0,0,1.0,,1,0.02947,200,200,0,0,0,0,1.0,,1,0.02445,200,200,0,0,0,0,1.0,,1,0.00719,100,0,0,0,0,0,1.0,,1,0.00888,200,0,0,0,0,0,1.0,,1,0.01356,300,0,0,0,0,0,1.0,,1,0.03654,500,0,0,0,0,0,1.0,,1,0.01036,200,0,0,0,0,0,1.0,,1,0.00955,200,0,0,0,0,0,1.0,,1,0.03012,500,0,0,0,0,0,1.0,,1
27,274,0.55818,0,True,0.00294,20,20,0,0,0,0,1.0,,1,0.00301,30,30,0,0,0,0,1.0,,1,0.00667,50,50,0,0,0,0,1.0,,1,0.01507,100,100,0,0,0,0,1.0,,1,0.02625,200,200,0,0,0,0,1.0,,1,0.04473,300,300,0,0,0,0,1.0,,1,0.06311,500,500,0,0,0,0,1.0,,1,0.0059,50,50,0,0,0,0,1.0,,1,0.01464,100,100,0,0,0,0,1.0,,1,0.02807,200,200,0,0,0,0,1.0,,1,0.03842,300,300,0,0,0,0,1.0,,1,0.06597,500,500,0,0,0,0,1.0,,1,0.02894,200,200,0,0,0,0,1.0,,1,0.02688,200,200,0,0,0,0,1.0,,1,0.02653,200,200,0,0,0,0,1.0,,1,0.02566,200,200,0,0,0,0,1.0,,1,0.00649,100,0,0,0,0,0,1.0,,1,0.00836,200,0,0,0,0,0,1.0,,1,0.01386,300,0,0,0,0,0,1.0,,1,0.0291,500,0,0,0,0,0,1.0,,1,0.00853,200,0,0,0,0,0,1.0,,1,0.00938,200,0,0,0,0,0,1.0,,1,0.0307,500,0,0,0,0,0,1.0,,1
28,2538,0.59389,0,True,0.00258,20,20,0,0,0,0,1.0,,1,0.00322,30,30,0,0,0,0,1.0,,1,0.01819,50,50,0,0,0,0,1.0,,1,0.01564,100,100,0,0,0,0,1.0,,1,0.0258,200,200,0,0,0,0,1.0,,1,0.03868,300,300,0,0,0,0,1.0,,1,0.06431,500,500,0,0,0,0,1.0,,1,0.00459,50,50,0,0,0,0,1.0,,1,0.01286,100,100,0,0,0,0,1.0,,1,0.02821,200,200,0,0,0,0,1.0,,1,0.03966,300,300,0,0,0,0,1.0,,1,0.06216,500,500,0,0,0,0,1.0,,1,0.02872,200,200,0,0,0,0,1.0,,1,0.02768,200,200,0,0,0,0,1.0,,1,0.02642,200,200,0,0,0,0,1.0,,1,0.0277,200,200,0,0,0,0,1.0,,1,0.00724,100,0,0,0,0,0,1.0,,1,0.00862,200,0,0,0,0,0,1.0,,1,0.01379,300,0,0,0,0,0,1.0,,1,0.03184,500,0,0,0,0,0,1.0,,1,0.00903,200,0,0,0,0,0,1.0,,1,0.01007,200,0,0,0,0,0,1.0,,1,0.02611,500,0,0,0,0,0,1.0,,1
29,2756,0.59151,0,True,0.00268,20,20,0,0,0,0,1.0,,1,0.00314,30,30,0,0,0,0,1.0,,1,0.00445,50,50,0,0,0,0,1.0,,1,0.01579,100,100,0,0,0,0,1.0,,1,0.02833,200,200,0,0,0,0,1.0,,1,0.04145,300,300,0,0,0,0,1.0,,1,0.06464,500,500,0,0,0,0,1.0,,1,0.00496,50,50,0,0,0,0,1.0,,1,0.01333,100,100,0,0,0,0,1.0,,1,0.02662,200,200,0,0,0,0,1.0,,1,0.04077,300,300,0,0,0,0,1.0,,1,0.06794,500,500,0,0,0,0,1.0,,1,0.02613,200,200,0,0,0,0,1.0,,1,0.02583,200,200,0,0,0,0,1.0,,1,0.02697,200,200,0,0,0,0,1.0,,1,0.03119,200,200,0,0,0,0,1.0,,1,0.00738,100,0,0,0,0,0,1.0,,1,0.00887,200,0,0,0,0,0,1.0,,1,0.01413,300,0,0,0,0,0,1.0,,1,0.02619,500,0,0,0,0,0,1.0,,1,0.00905,200,0,0,0,0,0,1.0,,1,0.01361,200,0,0,0,0,0,1.0,,1,0.02405,500,0,0,0,0,0,1.0,,1
30,1888,0.56739,0,True,0.00256,20,20,0,0,0,0,1.0,,1,0.00305,30,30,0,0,0,0,1.0,,1,0.02159,50,50,0,0,0,0,1.0,,1,0.0147,100,100,0,0,0,0,1.0,,1,0.02597,200,200,0,0,0,0,1.0,,1,0.03775,300,300,0,0,0,0,1.0,,1,0.06217,500,500,0,0,0,0,1.0,,1,0.00777,50,50,0,0,0,0,1.0,,1,0.01297,100,100,0,0,0,0,1.0,,1,0.02738,200,200,0,0,0,0,1.0,,1,0.04024,300,300,0,0,0,0,1.0,,1,0.0689,500,500,0,0,0,0,1.0,,1,0.0283,200,200,0,0,0,0,1.0,,1,0.02844,200,200,0,0,0,0,1.0,,1,0.02665,200,200,0,0,0,0,1.0,,1,0.02901,200,200,0,0,0,0,1.0,,1,0.00493,100,0,0,0,0,0,1.0,,1,0.00884,200,0,0,0,0,0,1.0,,1,0.01428,300,0,0,0,0,0,1.0,,1,0.02599,500,0,0,0,0,0,1.0,,1,0.00965,200,0,0,0,0,0,1.0,,1,0.00994,200,0,0,0,0,0,1.0,,1,0.02406,500,0,0,0,0,0,1.0,,1
31,1932,0.56594,0,True,0.00278,20,20,0,0,0,0,1.0,,1,0.00316,30,30,0,0,0,0,1.0,,1,0.00573,50,50,0,0,0,0,1.0,,1,0.02105,100,100,0,0,0,0,1.0,,1,0.0272,200,200,0,0,0,0,1.0,,1,0.04501,300,300,0,0,0,0,1.0,,1,0.06211,500,500,0,0,0,0,1.0,,1,0.00455,50,50,0,0,0,0,1.0,,1,0.01242,100,100,0,0,0,0,1.0,,1,0.02896,200,200,0,0,0,0,1.0,,1,0.0376,300,300,0,0,0,0,1.0,,1,0.06152,500,500,0,0,0,0,1.0,,1,0.02669,200,200,0,0,0,0,1.0,,1,0.02488,200,200,0,0,0,0,1.0,,1,0.02709,200,200,0,0,0,0,1.0,,1,0.0264,200,200,0,0,0,0,1.0,,1,0.00543,100,0,0,0,0,0,1.0,,1,0.00859,200,0,0,0,0,0,1.0,,1,0.01394,300,0,0,0,0,0,1.0,,1,0.02723,500,0,0,0,0,0,1.0,,1,0.00966,200,0,0,0,0,0,1.0,,1,0.00967,200,0,0,0,0,0,1.0,,1,0.02367,500,0,0,0,0,0,1.0,,1
32,2180,0.56387,0,True,0.00249,20,20,0,0,0,0,1.0,,1,0.00296,30,30,0,0,0,0,1.0,,1,0.00802,50,50,0,0,0,0,1.0,,1,0.01455,100,100,0,0,0,0,1.0,,1,0.03401,200,200,0,0,0,0,1.0,,1,0.09949,300,300,0,0,0,0,1.0,,1,0.10184,500,500,0,0,0,0,1.0,,1,0.00498,50,50,0,0,0,0,1.0,,1,0.01633,100,100,0,0,0,0,1.0,,1,0.03254,200,200,0,0,0,0,1.0,,1,0.04124,300,300,0,0,0,0,1.0,,1,0.06998,500,500,0,0,0,0,1.0,,1,0.05424,200,200,0,0,0,0,1.0,,1,0.02884,200,200,0,0,0,0,1.0,,1,0.03517,200,200,0,0,0,0,1.0,,1,0.02992,200,200,0,0,0,0,1.0,,1,0.00762,100,0,0,0,0,0,1.0,,1,0.00948,200,0,0,0,0,0,1.0,,1,0.01478,300,0,0,0,0,0,1.0,,1,0.03172,500,0,0,0,0,0,1.0,,1,0.00956,200,0,0,0,0,0,1.0,,1,0.01418,200,0,0,0,0,0,1.0,,1,0.02991,500,0,0,0,0,0,1.0,,1
33,1342,0.58429,0,True,0.00281,20,20,0,0,0,0,1.0,,1,0.00314,30,30,0,0,0,0,1.0,,1,0.00644,50,50,0,0,0,0,1.0,,1,0.01459,100,100,0,0,0,0,1.0,,1,0.02598,200,200,0,0,0,0,1.0,,1,0.04156,300,300,0,0,0,0,1.0,,1,0.06518,500,500,0,0,0,0,1.0,,1,0.00923,50,50,0,0,0,0,1.0,,1,0.01365,100,100,0,0,0,0,1.0,,1,0.02641,200,200,0,0,0,0,1.0,,1,0.04988,300,300,0,0,0,0,1.0,,1,0.06411,500,500,0,0,0,0,1.0,,1,0.02985,200,200,0,0,0,0,1.0,,1,0.03055,200,200,0,0,0,0,1.0,,1,0.02903,200,200,0,0,0,0,1.0,,1,0.02984,200,200,0,0,0,0,1.0,,1,0.00949,100,0,0,0,0,0,1.0,,1,0.00892,200,0,0,0,0,0,1.0,,1,0.01676,300,0,0,0,0,0,1.0,,1,0.02787,500,0,0,0,0,0,1.0,,1,0.01151,200,0,0,0,0,0,1.0,,1,0.00965,200,0,0,0,0,0,1.0,,1,0.02586,500,0,0,0,0,0,1.0,,1
34,2889,0.56373,0,True,0.00256,20,20,0,0,0,0,1.0,,1,0.00312,30,30,0,0,0,0,1.0,,1,0.00415,50,50,0,0,0,0,1.0,,1,0.02296,100,100,0,0,0,0,1.0,,1,0.02741,200,200,0,0,0,0,1.0,,1,0.03972,300,300,0,0,0,0,1.0,,1,0.06814,500,500,0,0,0,0,1.0,,1,0.00503,50,50,0,0,0,0,1.0,,1,0.01469,100,100,0,0,0,0,1.0,,1,0.02699,200,200,0,0,0,0,1.0,,1,0.03857,300,300,0,0,0,0,1.0,,1,0.06163,500,500,0,0,0,0,1.0,,1,0.02568,200,200,0,0,0,0,1.0,,1,0.02778,200,200,0,0,0,0,1.0,,1,0.03007,200,200,0,0,0,0,1.0,,1,0.02612,200,200,0,0,0,0,1.0,,1,0.00775,100,0,0,0,0,0,1.0,,1,0.00914,200,0,0,0,0,0,1.0,,1,0.01368,300,0,0,0,0,0,1.0,,1,0.02852,500,0,0,0,0,0,1.0,,1,0.01124,200,0,0,0,0,0,1.0,,1,0.01031,200,0,0,0,0,0,1.0,,1,0.02574,500,0,0,0,0,0,1.0,,1
35,2127,0.55847,0,True,0.00251,20,20,0,0,0,0,1.0,,1,0.00295,30,30,0,0,0,0,1.0,,1,0.00649,50,50,0,0,0,0,1.0,,1,0.0266,100,100,0,0,0,0,1.0,,1,0.0252,200,200,0,0,0,0,1.0,,1,0.03881,300,300,0,0,0,0,1.0,,1,0.06538,500,500,0,0,0,0,1.0,,1,0.00573,50,50,0,0,0,0,1.0,,1,0.01263,100,100,0,0,0,0,1.0,,1,0.02413,200,200,0,0,0,0,1.0,,1,0.0384,300,300,0,0,0,0,1.0,,1,0.06461,500,500,0,0,0,0,1.0,,1,0.02643,200,200,0,0,0,0,1.0,,1,0.02749,200,200,0,0,0,0,1.0,,1,0.02686,200,200,0,0,0,0,1.0,,1,0.026,200,200,0,0,0,0,1.0,,1,0.02886,100,0,0,0,0,0,1.0,,1,0.00884,200,0,0,0,0,0,1.0,,1,0.01387,300,0,0,0,0,0,1.0,,1,0.02945,500,0,0,0,0,0,1.0,,1,0.00884,200,0,0,0,0,0,1.0,,1,0.00945,200,0,0,0,0,0,1.0,,1,0.02828,500,0,0,0,0,0,1.0,,1
36,190,0.55881,0,True,0.00255,20,20,0,0,0,0,1.0,,1,0.00332,30,30,0,0,0,0,1.0,,1,0.02235,50,50,0,0,0,0,1.0,,1,0.01272,100,100,0,0,0,0,1.0,,1,0.02606,200,200,0,0,0,0,1.0,,1,0.03858,300,300,0,0,0,0,1.0,,1,0.06345,500,500,0,0,0,0,1.0,,1,0.00457,50,50,0,0,0,0,1.0,,1,0.01432,100,100,0,0,0,0,1.0,,1,0.02478,200,200,0,0,0,0,1.0,,1,0.03701,300,300,0,0,0,0,1.0,,1,0.06255,500,500,0,0,0,0,1.0,,1,0.02772,200,200,0,0,0,0,1.0,,1,0.02845,200,200,0,0,0,0,1.0,,1,0.02881,200,200,0,0,0,0,1.0,,1,0.02794,200,200,0,0,0,0,1.0,,1,0.00611,100,0,0,0,0,0,1.0,,1,0.00907,200,0,0,0,0,0,1.0,,1,0.01322,300,0,0,0,0,0,1.0,,1,0.0255,500,0,0,0,0,0,1.0,,1,0.00913,200,0,0,0,0,0,1.0,,1,0.01211,200,0,0,0,0,0,1.0,,1,0.02714,500,0,0,0,0,0,1.0,,1
37,2256,0.59661,0,True,0.00288,20,20,0,0,0,0,1.0,,1,0.00327,30,30,0,0,0,0,1.0,,1,0.00552,50,50,0,0,0,0,1.0,,1,0.01336,100,100,0,0,0,0,1.0,,1,0.02549,200,200,0,0,0,0,1.0,,1,0.0411,300,300,0,0,0,0,1.0,,1,0.06483,500,500,0,0,0,0,1.0,,1,0.00471,50,50,0,0,0,0,1.0,,1,0.01476,100,100,0,0,0,0,1.0,,1,0.02612,200,200,0,0,0,0,1.0,,1,0.04158,300,300,0,0,0,0,1.0,,1,0.06383,500,500,0,0,0,0,1.0,,1,0.02946,200,200,0,0,0,0,1.0,,1,0.02578,200,200,0,0,0,0,1.0,,1,0.02929,200,200,0,0,0,0,1.0,,1,0.0271,200,200,0,0,0,0,1.0,,1,0.00545,100,0,0,0,0,0,1.0,,1,0.00853,200,0,0,0,0,0,1.0,,1,0.01731,300,0,0,0,0,0,1.0,,1,0.02547,500,0,0,0,0,0,1.0,,1,0.01103,200,0,0,0,0,0,1.0,,1,0.01055,200,0,0,0,0,0,1.0,,1,0.02485,500,0,0,0,0,0,1.0,,1
38,1321,0.57094,0,True,0.00268,20,20,0,0,0,0,1.0,,1,0.00318,30,30,0,0,0,0,1.0,,1,0.02202,50,50,0,0,0,0,1.0,,1,0.0158,100,100,0,0,0,0,1.0,,1,0.02627,200,200,0,0,0,0,1.0,,1,0.0366,300,300,0,0,0,0,1.0,,1,0.06171,500,500,0,0,0,0,1.0,,1,0.00461,50,50,0,0,0,0,1.0,,1,0.01288,100,100,0,0,0,0,1.0,,1,0.02612,200,200,0,0,0,0,1.0,,1,0.0398,300,300,0,0,0,0,1.0,,1,0.06322,500,500,0,0,0,0,1.0,,1,0.02732,200,200,0,0,0,0,1.0,,1,0.02876,200,200,0,0,0,0,1.0,,1,0.02812,200,200,0,0,0,0,1.0,,1,0.02575,200,200,0,0,0,0,1.0,,1,0.00578,100,0,0,0,0,0,1.0,,1,0.00861,200,0,0,0,0,0,1.0,,1,0.01358,300,0,0,0,0,0,1.0,,1,0.02536,500,0,0,0,0,0,1.0,,1,0.00861,200,0,0,0,0,0,1.0,,1,0.00978,200,0,0,0,0,0,1.0,,1,0.02656,500,0,0,0,0,0,1.0,,1
39,2563,0.56377,0,True,0.00254,20,20,0,0,0,0,1.0,,1,0.003,30,30,0,0,0,0,1.0,,1,0.0041,50,50,0,0,0,0,1.0,,1,0.02774,100,100,0,0,0,0,1.0,,1,0.02924,200,200,0,0,0,0,1.0,,1,0.03958,300,300,0,0,0,0,1.0,,1,0.06264,500,500,0,0,0,0,1.0,,1,0.00468,50,50,0,0,0,0,1.0,,1,0.01453,100,100,0,0,0,0,1.0,,1,0.02494,200,200,0,0,0,0,1.0,,1,0.03795,300,300,0,0,0,0,1.0,,1,0.0677,500,500,0,0,0,0,1.0,,1,0.02657,200,200,0,0,0,0,1.0,,1,0.027,200,200,0,0,0,0,1.0,,1,0.02577,200,200,0,0,0,0,1.0,,1,0.02622,200,200,0,0,0,0,1.0,,1,0.00715,100,0,0,0,0,0,1.0,,1,0.00838,200,0,0,0,0,0,1.0,,1,0.01389,300,0,0,0,0,0,1.0,,1,0.02382,500,0,0,0,0,0,1.0,,1,0.00876,200,0,0,0,0,0,1.0,,1,0.00882,200,0,0,0,0,0,1.0,,1,0.02422,500,0,0,0,0,0,1.0,,1
40,1624,0.57835,0,True,0.0028,20,20,0,0,0,0,1.0,,1,0.00315,30,30,0,0,0,0,1.0,,1,0.00525,50,50,0,0,0,0,1.0,,1,0.01413,100,100,0,0,0,0,1.0,,1,0.02784,200,200,0,0,0,0,1.0,,1,0.04031,300,300,0,0,0,0,1.0,,1,0.06354,500,500,0,0,0,0,1.0,,1,0.00444,50,50,0,0,0,0,1.0,,1,0.01465,100,100,0,0,0,0,1.0,,1,0.02555,200,200,0,0,0,0,1.0,,1,0.0403,300,300,0,0,0,0,1.0,,1,0.06255,500,500,0,0,0,0,1.0,,1,0.02647,200,200,0,0,0,0,1.0,,1,0.02525,200,200,0,0,0,0,1.0,,1,0.02741,200,200,0,0,0,0,1.0,,1,0.02867,200,200,0,0,0,0,1.0,,1,0.00782,100,0,0,0,0,0,1.0,,1,0.00869,200,0,0,0,0,0,1.0,,1,0.01343,300,0,0,0,0,0,1.0,,1,0.03271,500,0,0,0,0,0,1.0,,1,0.00927,200,0,0,0,0,0,1.0,,1,0.01013,200,0,0,0,0,0,1.0,,1,0.05346,500,0,0,0,0,0,1.0,,1
41,677,0.57545,0,True,0.00306,20,20,0,0,0,0,1.0,,1,0.00374,30,30,0,0,0,0,1.0,,1,0.02975,50,50,0,0,0,0,1.0,,1,0.06899,100,100,0,0,0,0,1.0,,1,0.11624,200,200,0,0,0,0,1.0,,1,0.11333,300,300,0,0,0,0,1.0,,1,0.0862,500,500,0,0,0,0,1.0,,1,0.01381,50,50,0,0,0,0,1.0,,1,0.03316,100,100,0,0,0,0,1.0,,1,0.0347,200,200,0,0,0,0,1.0,,1,0.06375,300,300,0,0,0,0,1.0,,1,0.08041,500,500,0,0,0,0,1.0,,1,0.04003,200,200,0,0,0,0,1.0,,1,0.03231,200,200,0,0,0,0,1.0,,1,0.0474,200,200,0,0,0,0,1.0,,1,0.04822,200,200,0,0,0,0,1.0,,1,0.00818,100,0,0,0,0,0,1.0,,1,0.01663,200,0,0,0,0,0,1.0,,1,0.01653,300,0,0,0,0,0,1.0,,1,0.02793,500,0,0,0,0,0,1.0,,1,0.01151,200,0,0,0,0,0,1.0,,1,0.01068,200,0,0,0,0,0,1.0,,1,0.02929,500,0,0,0,0,0,1.0,,1
42,254,0.75883,0,True,0.0043,20,20,0,0,0,0,1.0,,1,0.00984,30,30,0,0,0,0,1.0,,1,0.07307,50,50,0,0,0,0,1.0,,1,0.1078,100,100,0,0,0,0,1.0,,1,0.06419,200,200,0,0,0,0,1.0,,1,0.05288,300,300,0,0,0,0,1.0,,1,0.07916,500,500,0,0,0,0,1.0,,1,0.01916,50,50,0,0,0,0,1.0,,1,0.04198,100,100,0,0,0,0,1.0,,1,0.03552,200,200,0,0,0,0,1.0,,1,0.04812,300,300,0,0,0,0,1.0,,1,0.07247,500,500,0,0,0,0,1.0,,1,0.03334,200,200,0,0,0,0,1.0,,1,0.03228,200,200,0,0,0,0,1.0,,1,0.03053,200,200,0,0,0,0,1.0,,1,0.03151,200,200,0,0,0,0,1.0,,1,0.0076,100,0,0,0,0,0,1.0,,1,0.01059,200,0,0,0,0,0,1.0,,1,0.01517,300,0,0,0,0,0,1.0,,1,0.02595,500,0,0,0,0,0,1.0,,1,0.00972,200,0,0,0,0,0,1.0,,1,0.01412,200,0,0,0,0,0,1.0,,1,0.02577,500,0,0,0,0,0,1.0,,1
43,2325,0.5677,0,True,0.00264,20,20,0,0,0,0,1.0,,1,0.003,30,30,0,0,0,0,1.0,,1,0.0179,50,50,0,0,0,0,1.0,,1,0.01409,100,100,0,0,0,0,1.0,,1,0.02568,200,200,0,0,0,0,1.0,,1,0.03795,300,300,0,0,0,0,1.0,,1,0.0672,500,500,0,0,0,0,1.0,,1,0.00681,50,50,0,0,0,0,1.0,,1,0.01716,100,100,0,0,0,0,1.0,,1,0.02703,200,200,0,0,0,0,1.0,,1,0.04644,300,300,0,0,0,0,1.0,,1,0.06427,500,500,0,0,0,0,1.0,,1,0.02877,200,200,0,0,0,0,1.0,,1,0.02607,200,200,0,0,0,0,1.0,,1,0.0247,200,200,0,0,0,0,1.0,,1,0.02753,200,200,0,0,0,0,1.0,,1,0.00618,100,0,0,0,0,0,1.0,,1,0.00854,200,0,0,0,0,0,1.0,,1,0.01347,300,0,0,0,0,0,1.0,,1,0.02764,500,0,0,0,0,0,1.0,,1,0.01145,200,0,0,0,0,0,1.0,,1,0.01183,200,0,0,0,0,0,1.0,,1,0.02421,500,0,0,0,0,0,1.0,,1
44,2284,0.56596,0,True,0.00254,20,20,0,0,0,0,1.0,,1,0.00299,30,30,0,0,0,0,1.0,,1,0.0041,50,50,0,0,0,0,1.0,,1,0.01448,100,100,0,0,0,0,1.0,,1,0.02448,200,200,0,0,0,0,1.0,,1,0.03716,300,300,0,0,0,0,1.0,,1,0.0618,500,500,0,0,0,0,1.0,,1,0.00465,50,50,0,0,0,0,1.0,,1,0.01453,100,100,0,0,0,0,1.0,,1,0.02816,200,200,0,0,0,0,1.0,,1,0.04001,300,300,0,0,0,0,1.0,,1,0.06485,500,500,0,0,0,0,1.0,,1,0.02503,200,200,0,0,0,0,1.0,,1,0.02503,200,200,0,0,0,0,1.0,,1,0.02851,200,200,0,0,0,0,1.0,,1,0.02491,200,200,0,0,0,0,1.0,,1,0.0069,100,0,0,0,0,0,1.0,,1,0.00851,200,0,0,0,0,0,1.0,,1,0.01306,300,0,0,0,0,0,1.0,,1,0.03076,500,0,0,0,0,0,1.0,,1,0.00886,200,0,0,0,0,0,1.0,,1,0.00942,200,0,0,0,0,0,1.0,,1,0.02948,500,0,0,0,0,0,1.0,,1
45,542,0.57209,0,True,0.00276,20,20,0,0,0,0,1.0,,1,0.00355,30,30,0,0,0,0,1.0,,1,0.02616,50,50,0,0,0,0,1.0,,1,0.02506,100,100,0,0,0,0,1.0,,1,0.03067,200,200,0,0,0,0,1.0,,1,0.04442,300,300,0,0,0,0,1.0,,1,0.06785,500,500,0,0,0,0,1.0,,1,0.00482,50,50,0,0,0,0,1.0,,1,0.01359,100,100,0,0,0,0,1.0,,1,0.02787,200,200,0,0,0,0,1.0,,1,0.0412,300,300,0,0,0,0,1.0,,1,0.06519,500,500,0,0,0,0,1.0,,1,0.0255,200,200,0,0,0,0,1.0,,1,0.0279,200,200,0,0,0,0,1.0,,1,0.0288,200,200,0,0,0,0,1.0,,1,0.02832,200,200,0,0,0,0,1.0,,1,0.00783,100,0,0,0,0,0,1.0,,1,0.00918,200,0,0,0,0,0,1.0,,1,0.01372,300,0,0,0,0,0,1.0,,1,0.0283,500,0,0,0,0,0,1.0,,1,0.00933,200,0,0,0,0,0,1.0,,1,0.00987,200,0,0,0,0,0,1.0,,1,0.0273,500,0,0,0,0,0,1.0,,1
46,1102,0.58897,0,True,0.00286,20,20,0,0,0,0,1.0,,1,0.00314,30,30,0,0,0,0,1.0,,1,0.00713,50,50,0,0,0,0,1.0,,1,0.01408,100,100,0,0,0,0,1.0,,1,0.02713,200,200,0,0,0,0,1.0,,1,0.04602,300,300,0,0,0,0,1.0,,1,0.06276,500,500,0,0,0,0,1.0,,1,0.00532,50,50,0,0,0,0,1.0,,1,0.01537,100,100,0,0,0,0,1.0,,1,0.02858,200,200,0,0,0,0,1.0,,1,0.04423,300,300,0,0,0,0,1.0,,1,0.06588,500,500,0,0,0,0,1.0,,1,0.03018,200,200,0,0,0,0,1.0,,1,0.02649,200,200,0,0,0,0,1.0,,1,0.02693,200,200,0,0,0,0,1.0,,1,0.02578,200,200,0,0,0,0,1.0,,1,0.00641,100,0,0,0,0,0,1.0,,1,0.00858,200,0,0,0,0,0,1.0,,1,0.01379,300,0,0,0,0,0,1.0,,1,0.03101,500,0,0,0,0,0,1.0,,1,0.00892,200,0,0,0,0,0,1.0,,1,0.00964,200,0,0,0,0,0,1.0,,1,0.02449,500,0,0,0,0,0,1.0,,1
47,380,0.57202,0,True,0.00254,20,20,0,0,0,0,1.0,,1,0.00309,30,30,0,0,0,0,1.0,,1,0.00427,50,50,0,0,0,0,1.0,,1,0.01282,100,100,0,0,0,0,1.0,,1,0.02511,200,200,0,0,0,0,1.0,,1,0.04005,300,300,0,0,0,0,1.0,,1,0.09044,500,500,0,0,0,0,1.0,,1,0.03473,50,50,0,0,0,0,1.0,,1,0.07116,100,100,0,0,0,0,1.0,,1,0.03941,200,200,0,0,0,0,1.0,,1,0.06673,300,300,0,0,0,0,1.0,,1,0.08833,500,500,0,0,0,0,1.0,,1,0.03064,200,200,0,0,0,0,1.0,,1,0.0303,200,200,0,0,0,0,1.0,,1,0.02986,200,200,0,0,0,0,1.0,,1,0.02739,200,200,0,0,0,0,1.0,,1,0.00706,100,0,0,0,0,0,1.0,,1,0.00975,200,0,0,0,0,0,1.0,,1,0.01746,300,0,0,0,0,0,1.0,,1,0.02567,500,0,0,0,0,0,1.0,,1,0.0115,200,0,0,0,0,0,1.0,,1,0.00963,200,0,0,0,0,0,1.0,,1,0.03013,500,0,0,0,0,0,1.0,,1
48,278,0.58441,0,True,0.00258,20,20,0,0,0,0,1.0,,1,0.00305,30,30,0,0,0,0,1.0,,1,0.01508,50,50,0,0,0,0,1.0,,1,0.02043,100,100,0,0,0,0,1.0,,1,0.02878,200,200,0,0,0,0,1.0,,1,0.03769,300,300,0,0,0,0,1.0,,1,0.06337,500,500,0,0,0,0,1.0,,1,0.00793,50,50,0,0,0,0,1.0,,1,0.01286,100,100,0,0,0,0,1.0,,1,0.02871,200,200,0,0,0,0,1.0,,1,0.03974,300,300,0,0,0,0,1.0,,1,0.06838,500,500,0,0,0,0,1.0,,1,0.02723,200,200,0,0,0,0,1.0,,1,0.02659,200,200,0,0,0,0,1.0,,1,0.02802,200,200,0,0,0,0,1.0,,1,0.02595,200,200,0,0,0,0,1.0,,1,0.00762,100,0,0,0,0,0,1.0,,1,0.00899,200,0,0,0,0,0,1.0,,1,0.01332,300,0,0,0,0,0,1.0,,1,0.03577,500,0,0,0,0,0,1.0,,1,0.01016,200,0,0,0,0,0,1.0,,1,0.01143,200,0,0,0,0,0,1.0,,1,0.02601,500,0,0,0,0,0,1.0,,1
49,2472,0.55357,0,True,0.00262,20,20,0,0,0,0,1.0,,1,0.00332,30,30,0,0,0,0,1.0,,1,0.00462,50,50,0,0,0,0,1.0,,1,0.01305,100,100,0,0,0,0,1.0,,1,0.02699,200,200,0,0,0,0,1.0,,1,0.04039,300,300,0,0,0,0,1.0,,1,0.06384,500,500,0,0,0,0,1.0,,1,0.00437,50,50,0,0,0,0,1.0,,1,0.01215,100,100,0,0,0,0,1.0,,1,0.02755,200,200,0,0,0,0,1.0,,1,0.0614,300,300,0,0,0,0,1.0,,1,0.0885,500,500,0,0,0,0,1.0,,1,0.04678,200,200,0,0,0,0,1.0,,1,0.03039,200,200,0,0,0,0,1.0,,1,0.02859,200,200,0,0,0,0,1.0,,1,0.02774,200,200,0,0,0,0,1.0,,1,0.00752,100,0,0,0,0,0,1.0,,1,0.01103,200,0,0,0,0,0,1.0,,1,0.01536,300,0,0,0,0,0,1.0,,1,0.02638,500,0,0,0,0,0,1.0,,1,0.00962,200,0,0,0,0,0,1.0,,1,0.01055,200,0,0,0,0,0,1.0,,1,0.02776,500,0,0,0,0,0,1.0,,1
