userId,user_idx
1744889,3267
1488844,2793
306466,539
1174811,2192
1684516,3153
327122,586
1041552,1927
2459251,4632
2161899,4047
46036,80
603277,1124
2551764,4822
1951144,3654
2162424,4048
1620735,3036
1863499,3490
361407,647
2004175,3744
2439795,4592
2628763,4956
360830,644
922922,1708
322178,576
319119,566
1333,0
793754,1465
675390,1249
2125035,3977
2577867,4867
2541025,4799
1478381,2763
2543231,4803
221091,364
1684328,3151
2397231,4502
2268573,4250
2475820,4666
513501,957
1645535,3079
107840,179
1599243,2993
933168,1731
1890622,3540
1990523,3714
2596383,4906
264856,443
1673185,3136
2387904,4476
2465894,4646
1227322,2300
1903175,3565
1594764,2986
2522946,4760
1602952,3002
2407154,4527
1203779,2257
43751,74
2056324,3840
1179117,2205
1466320,2737
1747154,3272
1365840,2553
525356,986
649969,1194
1002367,1864
1733406,3244
1424487,2655
1118103,2078
401047,736
2145575,4019
2364018,4427
1784150,3344
1716910,3202
1509395,2824
1176800,2200
923889,1715
1931026,3618
1630967,3053
505375,933
2219553,4156
595054,1111
469021,860
1001129,1862
503235,923
2604976,4923
2425195,4568
2647197,4997
1220431,2286
116761,199
1447639,2701
732363,1356
2640550,4984
691878,1285
2250843,4216
2556305,4832
349572,625
395747,722
317504,560
663654,1225
727242,1346
883478,1638
33430,55
1030857,1906
40563,67
443193,817
1662714,3110
2330565,4364
1635708,3060
706264,1306
277916,474
2130859,3990
1965893,3671
2170930,4062
1944765,3649
35036,58
1251664,2346
259497,437
1494162,2802
1098431,2032
1314869,2469
266172,445
206954,345
1583129,2973
1703879,3179
2588107,4885
1232164,2309
555509,1045
905074,1674
1605580,3007
1346081,2519
2237185,4184
2089742,3897
974823,1823
359063,639
2315135,4332
1606342,3010
2379200,4458
859826,1593
1789382,3352
2439493,4591
1096917,2030
530789,995
8121,16
1669517,3128
476743,875
2140883,4010
1952860,3657
1132514,2114
1832023,3430
270523,453
1233831,2316
2415589,4547
1910320,3580
1806991,3379
1116080,2072
1901876,3559
1007577,1873
1207170,2266
2546942,4807
831494,1541
2455340,4625
1200256,2250
518309,968
537912,1009
1486636,2786
123384,209
2128440,3986
1534723,2874
2091461,3905
345704,620
1819758,3403
2383871,4462
326804,585
1473980,2755
548695,1029
1771252,3317
592445,1108
165288,275
644453,1186
2455107,4623
2358855,4415
1898310,3552
75384,128
1880925,3526
515441,961
1449358,2704
2468305,4650
781610,1447
1744594,3266
1201695,2253
111033,187
1558352,2917
2365581,4430
1951741,3655
341814,614
221926,365
1881328,3527
1287939,2416
653906,1208
818752,1507
2633545,4967
2198070,4105
1431160,2667
1380915,2571
965104,1808
2304924,4315
339547,610
1592339,2984
155620,260
1060057,1960
1212887,2273
745235,1373
145941,243
1114349,2064
384710,694
277837,473
596255,1114
2627800,4955
1828803,3420
1936110,3632
1068610,1973
1250231,2343
1120721,2087
1757328,3293
2160527,4045
595778,1112
62361,108
1406633,2615
1105029,2040
2451907,4619
1794722,3360
1868998,3499
364749,656
931316,1727
1520710,2848
278882,476
1215094,2278
1614939,3023
701962,1297
2590515,4892
2417151,4550
236160,390
2195606,4102
359681,640
306564,540
203738,340
151821,252
1184537,2218
2315073,4330
1774181,3326
2523912,4764
2112383,3950
383451,690
1479892,2766
199435,327
2316337,4336
1123175,2092
2274452,4260
2147714,4022
1341214,2514
708226,1312
1258738,2356
1229545,2304
1829594,3421
2537543,4790
2637755,4980
1915183,3589
662832,1222
2112089,3948
2202365,4111
2518947,4748
1008517,1875
1273979,2386
1830000,3424
909432,1678
983042,1839
763193,1409
322009,575
1207104,2265
1714672,3197
613651,1144
1927110,3611
1397843,2601
1818059,3401
2585513,4882
1521774,2850
2632868,4963
2539243,4795
311875,551
377937,672
460419,844
2203225,4113
438674,805
297453,519
516736,965
2442646,4600
1664010,3118
2327743,4358
2276333,4261
1409104,2621
2374782,4445
451011,829
1642678,3070
507094,937
1800701,3371
1588471,2980
406841,744
572481,1070
910244,1680
499257,914
1207990,2267
152955,256
406365,742
753107,1384
1579906,2964
1872933,3504
862596,1597
455024,837
2297136,4304
1456270,2716
552356,1038
1347916,2521
2327122,4355
2490049,4688
1423668,2651
873713,1621
78885,135
1459727,2724
330424,593
541135,1014
2264286,4241
1232740,2312
2262890,4238
589847,1102
779811,1441
1885932,3534
675111,1247
122197,208
2536547,4788
1871161,3502
1301819,2449
122019,206
1772215,3321
1194467,2233
318409,562
86246,142
225972,370
2596310,4905
750677,1377
1935793,3630
1890844,3542
2194719,4100
1512836,2831
427967,785
2316963,4338
1245143,2336
922551,1706
1567322,2939
315894,558
1655778,3096
166041,278
952063,1777
1090296,2018
242425,405
722591,1340
679042,1252
2073799,3871
1344086,2516
3321,4
825819,1517
2225743,4165
2356911,4413
1630194,3051
1424177,2654
1490538,2797
2269029,4251
666611,1231
2209351,4137
2534061,4778
2433610,4581
1894544,3548
1811259,3387
1317671,2476
1041130,1926
826270,1520
1652623,3090
342510,616
2283770,4273
835271,1549
2360158,4418
2554035,4827
705645,1303
386947,700
1374197,2566
2543978,4804
574834,1072
106870,177
2606799,4925
1559083,2919
1984315,3704
2299661,4310
1482921,2773
1214181,2277
1840584,3446
2176304,4069
2127108,3983
1198828,2245
716173,1326
759737,1398
1407227,2616
1299887,2443
1349711,2527
138106,234
1772954,3324
803330,1480
2204299,4116
682963,1260
2531111,4774
504620,929
934993,1739
1582952,2972
876370,1627
1753194,3284
1371451,2563
2418086,4554
894205,1651
1397082,2600
934835,1738
273541,463
729150,1349
308307,544
2466682,4647
5652,11
1494683,2804
890573,1645
2090369,3900
1497891,2809
2232041,4176
254789,425
663880,1226
827526,1526
1457728,2720
1278961,2401
305344,537
357056,637
80548,138
2360906,4422
1502648,2817
844028,1566
2056875,3841
1403217,2611
1419750,2642
1383426,2575
949240,1774
2278766,4264
1886585,3535
458177,839
256278,428
1649068,3086
401315,737
1861500,3484
2059696,3846
1400154,2605
774602,1431
1391647,2591
332471,599
2090715,3901
2079894,3882
2150746,4027
780768,1444
2629660,4959
1415024,2632
2420298,4558
494440,908
1382872,2574
5980,12
1291667,2424
1444287,2695
1087451,2012
49142,86
2417320,4551
459145,841
2239213,4192
2029744,3781
1510943,2828
1858243,3477
1562707,2927
858298,1589
1239467,2322
2260008,4233
608501,1133
1283171,2411
2315130,4331
467885,859
276869,471
1704311,3182
297100,518
823101,1511
1934002,3624
825002,1514
133993,227
1089692,2017
1783225,3343
938764,1747
671338,1239
577616,1078
128040,217
2218735,4151
1469447,2745
2485642,4679
826696,1522
2068936,3857
188190,309
1920565,3600
885386,1641
1152249,2152
397001,726
2029766,3782
2056022,3839
79380,136
794765,1468
121182,203
1124753,2096
2163939,4052
2487901,4684
473748,870
1280761,2406
2607433,4928
307427,543
1312412,2462
956271,1790
1550359,2895
1483852,2779
1536728,2876
982331,1835
1320587,2483
1439882,2686
758383,1395
15420,31
1044050,1930
320226,569
2420384,4559
268719,448
1625122,3043
1115451,2069
150038,248
1875549,3510
1354717,2536
1830265,3425
2276659,4262
22718,46
1516350,2836
2097548,3917
2192840,4097
224252,368
1169361,2180
1539389,2878
41422,68
2118461,3961
522180,978
2386868,4470
1490775,2799
2632990,4964
1116110,2073
1878548,3518
1923886,3606
1383836,2577
387418,703
1823920,3413
423167,775
415253,765
1988633,3711
2140471,4009
1802059,3373
1114324,2062
1043135,1929
1002688,1866
1010609,1878
752867,1383
1029163,1904
429260,788
2048294,3823
280112,480
334185,604
2402139,4516
917571,1692
2115299,3955
1089664,2016
893014,1650
1150705,2149
366565,658
794999,1469
1073300,1984
776187,1434
1645904,3080
2490507,4690
444566,820
1663694,3115
620714,1149
1663888,3117
2629195,4957
1913241,3584
2555055,4830
1001928,1863
531010,996
1461435,2730
1351373,2529
521315,977
2124351,3976
575714,1073
1707646,3189
560599,1052
541796,1018
1877958,3517
1048069,1936
675407,1250
1995910,3726
2047577,3821
1099833,2033
1399249,2603
2406705,4525
2548453,4809
2394623,4491
1084999,2005
2207806,4132
1281882,2408
2055388,3838
1823065,3410
790348,1461
872591,1616
371701,663
256676,430
781021,1445
2385226,4464
513933,958
269850,451
2433978,4583
423361,776
1344791,2518
1167767,2176
811530,1492
1033930,1910
2460347,4634
903666,1671
1351898,2533
1460343,2725
2299436,4308
2621962,4946
219481,361
400076,734
683254,1262
1687095,3159
2049734,3827
1852040,3468
1112365,2059
512278,955
863285,1601
1939221,3639
316155,559
2246923,4207
775020,1432
486152,892
1472772,2751
391521,714
2320697,4345
760924,1403
330526,594
443447,818
2297654,4306
1360936,2545
1065402,1966
1533807,2871
237263,392
654591,1211
2207031,4131
2220847,4159
356103,635
1933317,3622
807890,1487
539743,1013
119790,202
1217751,2282
1274035,2387
1118220,2080
309424,545
320177,568
1533313,2870
2237988,4187
1213178,2274
2492695,4697
2073629,3869
442222,812
823628,1512
1434507,2675
1907667,3574
2535052,4781
908205,1676
1310250,2457
1982465,3701
303948,534
1579413,2963
1058639,1955
1035650,1914
1675105,3138
2602249,4916
954973,1787
2604824,4922
1154813,2157
1189269,2224
766064,1414
342330,615
2473345,4663
1388216,2586
66109,111
385977,699
843387,1565
1416836,2636
286106,495
1208146,2268
158197,264
1559022,2918
901520,1667
1079598,1994
717542,1331
787052,1455
789969,1459
2387707,4474
1106982,2045
2561713,4844
1977612,3688
2424839,4566
2598028,4909
631747,1161
2257122,4228
2289197,4282
1423249,2648
2421395,4561
1554241,2909
1018379,1886
14642,29
2595156,4901
1259776,2359
1932785,3621
1813076,3390
1462488,2731
1613540,3021
1874239,3507
1054564,1944
2447861,4612
20392,41
2349412,4396
766982,1415
735078,1363
636262,1170
2021377,3766
2115174,3954
1727342,3230
1166912,2175
1849541,3461
1450860,2707
1155747,2160
1494275,2803
1298147,2438
609742,1135
1970653,3678
147386,245
1630419,3052
2549238,4812
808604,1489
1540380,2880
1300687,2447
465885,854
87360,145
2091736,3907
743633,1371
542907,1022
1648423,3084
2332765,4370
2248080,4210
1986034,3706
384188,693
501823,920
1922072,3602
1200461,2251
394895,721
1693002,3167
2356870,4412
1698900,3174
471177,863
364618,655
590607,1104
835265,1548
2299152,4307
69801,116
440463,808
1257450,2353
1737149,3246
1624047,3042
2568738,4852
1161915,2169
184705,304
2260761,4234
1319658,2481
923517,1712
507603,940
1440126,2687
810392,1490
1717184,3204
2064713,3852
584437,1093
1405395,2613
860520,1594
1044742,1931
172217,291
1256752,2350
230966,381
1095815,2028
2521051,4757
2432917,4580
2286380,4278
1260854,2360
896309,1658
1102418,2034
2141105,4012
181207,297
121699,205
1957786,3662
2286785,4279
1072072,1980
1072312,1981
1993796,3721
1870555,3501
1408249,2619
1148103,2145
369646,660
1935981,3631
2573624,4861
2107249,3941
59218,104
1430398,2665
237672,395
690426,1282
1844813,3453
332300,598
168190,282
62346,107
101807,168
1633211,3057
2101921,3929
732590,1357
2006505,3748
717338,1330
280120,481
2193044,4098
1558286,2916
975592,1824
1117152,2077
840763,1562
968184,1811
2337144,4379
1315201,2470
382817,687
1053421,1942
2199355,4107
2459229,4631
2428423,4574
663627,1224
1344624,2517
2550095,4814
1755534,3289
2607300,4927
2218750,4152
37797,61
662124,1220
248904,416
2526309,4769
2626336,4952
2472640,4660
1604357,3005
1106280,2044
361070,645
87113,144
1787323,3347
10374,21
2015182,3760
1742103,3261
1616870,3028
808435,1488
2533480,4777
2401693,4514
2185058,4085
1146551,2140
491531,901
1828179,3419
1777614,3336
2238629,4189
784305,1450
1557557,2915
287545,498
1863899,3491
445423,821
1102923,2035
357087,638
1769206,3308
1617915,3032
943436,1764
929407,1723
2256485,4226
2644964,4991
2375962,4450
449597,828
1996154,3728
431326,792
491513,900
1719554,3210
2315626,4334
1480900,2771
16272,33
408765,753
1351421,2530
688217,1278
2327365,4356
819822,1510
442813,815
519699,969
1279821,2403
1854660,3472
406948,745
2373185,4440
1635582,3059
1774623,3330
2538506,4791
2368686,4434
1839500,3445
1072466,1982
1203347,2255
1912542,3583
1450484,2706
934647,1737
1769330,3309
328642,589
2090792,3902
891923,1647
1603022,3003
2074458,3872
2575399,4864
649017,1193
1480781,2768
1838526,3444
299805,522
100495,163
983069,1840
593252,1109
669340,1233
2593093,4896
1420308,2644
1745577,3269
1661344,3108
589571,1100
212479,349
408284,749
396153,725
2201302,4108
1965634,3670
1772964,3325
1431808,2671
439688,806
942568,1761
125687,214
731988,1355
2228763,4171
1598488,2990
170178,288
418339,771
1337026,2509
1277779,2399
1606779,3012
2502112,4715
578191,1079
480115,883
1128816,2107
1057021,1950
303002,531
1729518,3234
2356355,4409
520374,973
670488,1238
953110,1781
1229628,2305
625067,1155
116252,197
720503,1337
884078,1639
1727531,3231
446160,823
1166090,2174
875926,1626
851463,1578
1906611,3571
2095910,3914
16273,34
1932594,3620
974375,1822
1478117,2761
2320222,4344
2186938,4091
1692249,3165
2229377,4172
1368650,2556
2120970,3970
2473261,4662
1041084,1925
1257336,2352
942523,1760
1453928,2714
2041854,3808
2052789,3832
290874,508
982709,1838
874732,1624
2384478,4463
2136912,3999
602642,1123
2077664,3879
2295235,4295
136477,231
1600960,2997
998236,1857
2355940,4408
1083531,2002
507519,939
1117062,2076
2378918,4457
39375,65
2087093,3894
326502,584
1997020,3730
2349702,4398
1508638,2823
2035438,3792
2238060,4188
2268019,4249
267841,447
1270980,2380
239518,398
2405311,4521
1257454,2354
1900424,3555
2269100,4253
1275790,2392
2000256,3737
2429294,4575
1357209,2539
1877590,3515
362038,651
1112565,2060
298221,521
953667,1783
2076631,3876
953604,1782
510438,949
1222252,2289
965381,1809
516110,962
234275,383
712664,1320
1276913,2396
1174530,2191
1179646,2206
1296163,2434
2502462,4718
1663216,3112
14690,30
1093403,2023
264160,442
255357,426
2503887,4722
844049,1567
1650301,3088
1192830,2230
2610157,4933
2312349,4325
1213587,2275
1276473,2394
397077,727
2026560,3778
331341,596
47411,84
1984086,3703
918897,1694
2280025,4266
50259,92
864618,1603
249471,419
2168178,4060
2217731,4148
2063030,3851
1059927,1959
871687,1613
1517471,2841
1771587,3320
1348148,2523
2402990,4517
2491366,4692
549534,1031
262411,439
693720,1288
2047888,3822
923084,1709
2600558,4912
2244849,4204
904898,1673
2030523,3785
904391,1672
1206843,2264
534237,1002
442234,813
162348,267
2554745,4828
290916,509
1774516,3329
2509588,4730
538214,1011
1236924,2317
1654627,3093
1632290,3054
1599855,2995
1077945,1990
629120,1158
1704130,3180
2250552,4215
530670,993
1823259,3411
1582412,2971
929308,1722
501428,919
1033629,1909
1130826,2112
786312,1453
1916224,3590
1097970,2031
317779,561
178588,295
1321396,2484
2102030,3930
1226073,2297
1612558,3019
1916244,3591
139212,238
1782465,3342
1983493,3702
2566515,4850
1932377,3619
1830763,3427
1009622,1876
1402224,2608
874550,1623
1481961,2772
380505,679
1553047,2904
2045981,3816
2046091,3817
1033433,1908
2221430,4160
297901,520
1503647,2818
1814136,3394
178860,296
2145441,4018
2495584,4703
1061353,1963
2520513,4754
2619718,4941
1532336,2867
213704,352
1023101,1892
2648589,4999
280978,484
1731106,3239
459772,843
1115285,2068
818816,1508
1456621,2718
1395543,2598
2090902,3904
1108304,2049
1288554,2417
962384,1803
1778714,3338
1423956,2652
147653,246
826184,1519
2496628,4707
951446,1775
818025,1504
2023518,3770
2138757,4004
1927580,3612
2192288,4096
1634668,3058
2162539,4049
1435335,2676
2237950,4186
436122,798
2201323,4109
416214,768
2535229,4782
2253160,4221
1814098,3393
1620201,3033
59913,105
2479320,4668
257622,432
2396197,4497
21705,44
187896,308
2370879,4436
1579340,2961
1590697,2981
867275,1605
474700,871
2396118,4496
1693122,3168
2148197,4023
1203445,2256
664809,1228
851702,1579
411705,759
2174151,4067
778615,1436
1155404,2159
1788346,3350
190474,315
1760730,3299
1496080,2807
213750,353
1763064,3302
2111120,3946
39490,66
10947,24
519965,971
294330,514
2329026,4361
1860339,3482
125765,215
273019,462
169311,287
1103080,2036
1792741,3358
599145,1119
67769,114
768749,1419
110288,185
1132940,2117
1575462,2954
1759886,3296
1659398,3103
1701322,3175
1606739,3011
2244589,4203
2220239,4157
2003550,3743
460446,845
574499,1071
2496492,4706
1427330,2658
1036991,1917
396132,723
779635,1439
2634707,4972
2389101,4480
1880844,3525
2550324,4816
1240130,2324
1685089,3154
504211,925
1527527,2856
609908,1136
2484944,4678
2593882,4899
2452132,4620
853491,1583
1203991,2259
1605122,3006
1139570,2125
2077168,3878
1953981,3658
2630337,4960
1819462,3402
1549483,2893
481523,886
1463088,2732
1047830,1935
1142880,2127
1964514,3668
862850,1599
1386457,2581
726543,1344
97578,157
799542,1477
45207,78
2519310,4750
2008854,3750
1684232,3150
2002196,3741
1536419,2875
1755612,3290
1430920,2666
2305067,4316
1087944,2014
2593441,4898
1615548,3024
1253619,2347
2336531,4377
1452127,2709
1801528,3372
1934347,3626
1545709,2884
241634,404
361375,646
238740,396
191666,317
124342,210
832780,1544
2290263,4284
385102,695
1570077,2944
492714,905
1945838,3652
1193468,2231
1295473,2432
817339,1501
578311,1080
1318951,2479
1529376,2860
1918704,3595
1510091,2825
318457,563
780334,1443
2636654,4977
1724821,3223
2576843,4865
1913414,3585
1632784,3055
2389367,4481
2496479,4705
1403686,2612
1176119,2195
2550101,4815
684876,1269
1367101,2555
2155681,4036
764785,1413
382186,684
1409687,2622
686204,1272
2488357,4686
302344,529
2492154,4695
565510,1059
2603700,4918
2552315,4824
1144139,2129
2588510,4887
1887657,3536
1295471,2431
121324,204
200805,334
1524964,2854
361630,648
1362091,2548
606105,1127
2482831,4676
2333850,4372
709542,1313
1313714,2468
325844,581
2364377,4428
1776654,3332
2035595,3793
1177340,2201
1110156,2053
2040676,3804
2629599,4958
2039521,3803
659029,1217
1473595,2752
2542967,4802
1478933,2765
2310889,4322
483851,887
252054,421
1268699,2377
1116129,2074
706832,1307
291198,510
2208519,4135
1114362,2065
804027,1482
508584,944
664230,1227
1194698,2234
2070798,3859
1463939,2734
1788733,3351
926900,1719
167227,280
1227730,2301
1255543,2348
2133551,3992
952156,1778
407037,746
1270238,2379
2079036,3881
2292140,4291
1172958,2186
1903324,3566
1777406,3334
874505,1622
1250515,2344
901167,1665
634388,1167
1241060,2327
1939029,3638
875723,1625
2248543,4211
98586,160
2181504,4080
39242,63
1125150,2098
1739691,3256
1597736,2989
2600868,4913
612111,1140
2001296,3738
2213131,4140
410446,755
128389,220
769702,1423
1999176,3734
2415196,4545
2187693,4092
1827859,3418
2291750,4290
1505821,2821
493009,906
1599231,2992
1919269,3598
719755,1335
2457095,4627
524142,980
1483251,2774
2026477,3777
2336079,4376
398488,731
1809161,3384
550883,1034
920724,1700
804602,1483
2219287,4155
1446775,2699
541376,1016
2541385,4800
2592095,4894
1228066,2302
1611056,3016
2394211,4490
101564,167
1880009,3522
1532399,2868
1764923,3304
2299951,4311
2623852,4948
2360796,4421
537601,1007
596918,1117
1376923,2569
496436,909
554137,1041
1107860,2048
1160224,2167
760481,1401
1844442,3452
2251669,4218
2092609,3910
2215021,4142
1771365,3318
682560,1257
2209153,4136
1671330,3132
434101,797
1287892,2415
2331318,4366
270174,452
456367,838
2494753,4699
2481491,4670
2096942,3915
1059101,1957
2515047,4744
2307327,4319
562156,1054
998502,1858
2313013,4326
1156244,2162
237449,394
2029979,3784
939816,1749
1798758,3367
1332107,2502
938931,1748
2409398,4533
2501912,4714
637266,1172
492478,904
1487011,2792
2641668,4988
2570444,4856
290360,506
2194079,4099
668855,1232
1629176,3047
1794738,3361
2321435,4347
623709,1153
599529,1120
2120864,3967
341649,613
1291455,2423
595870,1113
97893,159
936093,1743
2621201,4944
2637187,4979
2385481,4466
2335640,4375
2047178,3820
2166018,4055
1781198,3340
2252455,4220
1494821,2805
259431,436
2204336,4117
129766,222
836150,1553
2260832,4236
2279366,4265
2250323,4214
2012052,3754
2339734,4384
1969285,3675
139107,237
2552319,4825
361886,650
437371,800
844207,1568
1495111,2806
1637683,3062
1222167,2288
424620,780
1741303,3260
1970583,3677
235782,388
2549746,4813
1118587,2081
538668,1012
72607,122
1429631,2662
1470123,2747
731592,1353
862644,1598
1055009,1946
1316922,2475
1973244,3683
659526,1219
3998,7
973313,1819
2417531,4552
840737,1561
2086265,3893
1042938,1928
419691,772
774398,1430
2101288,3928
1877483,3514
136030,229
2502145,4716
39297,64
92786,151
18907,38
1726438,3228
818416,1505
9557,19
1995099,3723
966426,1810
1444657,2697
213486,351
1684416,3152
1407936,2618
1902838,3564
829101,1533
2296108,4300
296452,517
1064554,1965
1737529,3247
49890,89
285975,494
1725003,3224
1796886,3364
969772,1812
984085,1842
1181609,2210
1295669,2433
2002123,3740
576990,1076
790459,1462
2133752,3994
1662098,3109
329958,592
2404142,4520
931565,1730
1952500,3656
519761,970
2043784,3813
1599029,2991
1902140,3560
1739082,3251
2524708,4766
1811832,3388
1762633,3300
137309,232
1717060,3203
2407866,4529
1296679,2435
2535238,4783
1865329,3494
1080173,1997
1010489,1877
1610234,3015
1505182,2819
594196,1110
877394,1631
1312635,2464
2467784,4649
524619,983
1442154,2692
2355625,4407
1693814,3169
1241893,2328
305604,538
2234845,4181
919160,1695
2637886,4981
110938,186
1176322,2196
2509048,4728
245369,409
1637213,3061
1104884,2038
1738198,3250
2372364,4439
1468007,2742
2514777,4743
674963,1246
2489545,4687
1280149,2405
1825647,3416
1178846,2203
1326994,2493
1854658,3471
1851429,3466
2552047,4823
2239537,4194
2463816,4640
2012675,3756
1691893,3163
2389860,4482
1848868,3459
347276,621
370735,662
1144887,2133
1885042,3532
1157892,2165
1820824,3406
1897386,3551
1298511,2441
184888,305
396140,724
1949871,3653
1894043,3547
679429,1253
1076140,1988
2509976,4733
504440,927
327577,587
719294,1333
506161,936
1941703,3643
1236929,2318
2098138,3921
2585641,4883
1824009,3414
1821474,3408
517441,966
1086481,2010
2438141,4587
684531,1266
919486,1696
227295,374
504503,928
2011043,3752
2091625,3906
2613921,4937
320939,572
1806731,3378
1297347,2437
2019240,3764
2071210,3862
448894,827
71594,120
1466453,2740
1845415,3454
2290732,4286
1816884,3399
2525542,4768
2078245,3880
267378,446
1970337,3676
1658101,3098
1002943,1868
2601377,4915
1663717,3116
190547,316
1351706,2532
2372141,4438
2378393,4456
349331,623
762835,1408
453239,833
2627190,4953
2634074,4969
2636478,4976
111693,189
2469190,4653
567875,1063
642089,1183
278223,475
203369,339
524390,982
673040,1242
1772901,3323
1875533,3509
2406094,4523
201707,336
1156852,2164
781131,1446
1054137,1943
877320,1630
1278249,2400
2035310,3791
576723,1074
1586533,2979
426352,781
1121725,2089
407877,748
2156074,4037
974174,1821
1666213,3122
2309047,4321
1194911,2236
2345215,4394
983523,1841
1556831,2914
438340,804
2385925,4467
888450,1642
2398821,4508
1900445,3556
2284890,4276
2210867,4139
563705,1056
2066490,3855
2204444,4118
2059141,3844
811104,1491
1907373,3573
2356682,4410
1258349,2355
1570161,2945
383404,688
480305,884
731685,1354
1039760,1923
770133,1424
1865249,3493
2203182,4112
2219187,4154
489454,897
1629301,3048
1875008,3508
2184768,4084
282427,487
1079165,1993
2463759,4639
209736,347
485334,890
2274438,4259
1402612,2609
1377637,2570
587610,1098
2512235,4739
2503230,4720
1146000,2139
901269,1666
1024189,1895
2366524,4433
1422346,2646
511883,953
1641072,3068
647979,1192
499293,915
829575,1535
1614424,3022
1026860,1900
2102846,3931
897732,1660
1823645,3412
1332725,2503
1941862,3644
545026,1024
504624,930
2045949,3815
2295594,4298
798296,1474
1840900,3447
2430041,4577
1591103,2982
2176056,4068
1578801,2960
105532,174
1880039,3523
2021943,3767
2440242,4594
2229399,4173
399971,733
982098,1834
2138857,4006
1073729,1986
1599850,2994
2565354,4848
912340,1684
509496,947
369912,661
412439,760
54870,97
1057247,1951
1992205,3716
324080,577
1999678,3735
833951,1546
2556552,4835
393945,719
2385435,4465
389581,710
321679,574
2097976,3918
334643,605
1671223,3131
2356793,4411
2103314,3935
1387099,2584
652618,1203
1672832,3135
1627955,3045
1675280,3141
1640271,3066
397923,729
1620733,3035
2646347,4994
645373,1187
439729,807
2115145,3953
958634,1791
1351594,2531
1669116,3125
651142,1197
210185,348
2226525,4167
1725226,3226
1197493,2241
1694750,3170
345588,619
2574126,4863
1388677,2587
2412265,4537
1183823,2214
111086,188
2617574,4940
2562859,4845
1710658,3194
759289,1397
416560,769
2409280,4532
2603059,4917
235691,387
2276790,4263
1205174,2263
1210199,2270
1523710,2853
639533,1179
446163,824
282654,488
2037693,3797
2631815,4961
53694,95
74441,126
1724806,3222
2152805,4033
1250006,2342
1182475,2212
333573,602
2396089,4495
133670,226
476695,874
1096082,2029
618832,1147
2380603,4460
1837202,3441
2158495,4042
2376301,4452
392346,717
2600927,4914
2314956,4328
1466382,2739
620010,1148
2464081,4641
1486688,2787
116563,198
2188684,4093
912999,1685
306569,541
1814991,3396
1808201,3382
2446249,4608
1863477,3489
1939988,3641
10268,20
1643146,3071
194044,321
990639,1845
1300029,2444
1832243,3432
1126516,2101
1529449,2861
1447641,2702
2581488,4874
2204746,4122
2119555,3965
1483654,2776
173086,292
2167896,4059
1223912,2291
2315012,4329
652324,1202
1123618,2094
530000,992
1065445,1967
1869907,3500
2366462,4432
2549156,4811
1829617,3422
1887749,3537
736927,1367
1620319,3034
931384,1728
108936,180
1769985,3312
1484157,2780
411512,758
159159,266
740929,1368
1977824,3689
1024066,1894
256796,431
636273,1171
1814516,3395
920088,1698
2098983,3922
471880,865
2392051,4485
589682,1101
2126215,3982
240923,402
1431356,2669
1187252,2219
591288,1106
2598647,4910
227151,373
672919,1241
328651,590
1329904,2499
1702270,3177
2038137,3799
324162,578
646323,1188
1565082,2934
2398295,4504
402266,738
1984978,3705
2557152,4836
490057,898
1275094,2389
1202962,2254
752642,1381
223423,367
282887,489
1570999,2947
1717979,3207
2322355,4350
2142230,4013
429876,789
2407453,4528
511899,954
903296,1670
2587909,4884
926054,1718
2434527,4584
2590072,4891
2481504,4671
2445689,4606
2519865,4751
1191617,2229
1087551,2013
546751,1025
753480,1387
1733203,3243
105802,175
377907,671
805207,1484
1244123,2335
2255880,4224
2229960,4174
913814,1686
17864,37
398661,732
1333129,2504
100943,165
1860332,3481
551208,1035
2528590,4771
369036,659
537389,1006
1576405,2957
1986937,3708
1660384,3106
816435,1498
2004524,3745
1569593,2943
726339,1343
2481827,4672
789894,1458
2535512,4784
326356,583
2238663,4190
400440,735
603543,1125
1444777,2698
1615850,3025
2182532,4082
2072858,3866
2375033,4446
471654,864
508323,943
2499884,4713
1002780,1867
2064995,3853
2075165,3873
1327900,2495
2324287,4352
1370190,2557
896279,1657
441361,811
2093590,3912
2507459,4725
692048,1286
2264638,4244
837133,1554
437955,802
1239283,2321
933207,1732
310887,548
2393478,4487
1562633,2926
1432044,2672
943256,1763
2450534,4616
303087,532
733746,1360
109079,181
2262335,4237
1037705,1919
1815129,3397
1225914,2296
230265,380
2545730,4806
1622462,3041
559753,1050
622453,1152
1836545,3440
624388,1154
2588416,4886
350145,627
1866323,3496
1723621,3221
1413367,2630
1190829,2226
1261789,2361
1519378,2845
520704,975
71743,121
200098,329
590311,1103
109177,183
2398373,4505
1048389,1937
1706873,3187
1298173,2439
1084484,2003
1806515,3377
181364,298
1922670,3603
237286,393
1184498,2217
2157060,4041
1401726,2607
703585,1299
168523,283
1337699,2511
2412878,4541
1925832,3608
1460800,2728
1820564,3404
1742759,3263
1548363,2890
741248,1369
2351402,4401
2025463,3775
2149357,4025
2254751,4223
872408,1615
2445470,4605
754161,1390
1310425,2458
2222089,4161
2253953,4222
1675966,3144
381346,680
406375,743
1247574,2340
2409465,4534
2257189,4229
691808,1284
2588755,4888
2529630,4772
803605,1481
2419975,4557
397212,728
2053907,3833
1660348,3105
1309057,2455
2196083,4104
1436668,2679
2515276,4745
1424768,2656
857778,1588
340479,611
2107068,3939
1564191,2931
1867416,3498
1133199,2118
785992,1452
1749656,3275
1114342,2063
1834123,3434
492291,903
958687,1792
2153721,4035
1324830,2490
756162,1393
1130863,2113
1762695,3301
1061195,1962
654022,1209
158607,265
1409759,2623
1918987,3597
2243435,4200
2103116,3934
1802414,3374
1168926,2179
2303820,4314
684587,1267
829708,1536
2151845,4030
11796,26
241068,403
27061,49
530763,994
947104,1768
576751,1075
921585,1702
1290993,2422
1602153,2999
1812378,3389
1276711,2395
1485835,2782
1480571,2767
1785209,3346
1293514,2427
1037245,1918
841955,1564
948457,1771
1173289,2188
1981464,3698
1334401,2507
1925397,3607
2291170,4287
1820593,3405
1872980,3505
1408280,2620
2186235,4087
1670329,3129
228978,376
191869,318
333843,603
1935323,3627
1014889,1882
2353276,4404
1730369,3235
209494,346
774088,1429
101554,166
1466323,2738
1879665,3521
1279360,2402
2339135,4383
57633,102
239178,397
2068909,3856
2634348,4971
410206,754
2316252,4335
2143500,4014
2469479,4654
1915014,3588
78404,133
2081789,3885
2490731,4691
48607,85
2526414,4770
2150689,4026
2621229,4945
712609,1318
1832073,3431
1460561,2726
2308472,4320
2295321,4296
779492,1438
558924,1049
995154,1851
240748,400
146587,244
1722187,3219
2497991,4710
923631,1713
1114801,2066
2122377,3974
2636012,4974
1838390,3442
663118,1223
242681,406
2283211,4269
714802,1322
20774,42
1707198,3188
486798,893
1092677,2022
30288,52
711263,1316
391708,715
1326195,2492
1612901,3020
246686,411
2094599,3913
287566,499
647691,1191
1486956,2791
1039555,1922
1171523,2184
229439,377
954111,1784
2516156,4746
629389,1159
105982,176
1940143,3642
1156054,2161
88188,146
553115,1039
319647,567
1891779,3544
1629801,3050
383952,692
1162805,2170
730016,1351
1842201,3450
1176779,2199
1988192,3709
2287836,4281
206893,344
1666057,3120
188613,310
21823,45
287901,500
2306984,4318
1081910,2000
1848593,3458
272840,461
954742,1785
1198556,2243
2511730,4737
948109,1769
178266,294
845991,1572
385287,696
38879,62
684648,1268
1431311,2668
2521955,4758
454329,835
921587,1703
128611,221
1659647,3104
452299,830
1645377,3076
2641559,4987
1259374,2357
1300759,2448
1403184,2610
1400108,2604
675468,1251
2270619,4255
2482502,4674
2573509,4860
1441086,2688
1550207,2894
2513621,4741
2179833,4077
1607300,3013
1602924,3001
70476,117
1055714,1947
1804819,3376
2422606,4562
2360117,4417
838130,1556
2325737,4354
1755092,3287
461110,848
2138987,4007
2343417,4391
827380,1524
818736,1506
1203892,2258
1387049,2583
2645579,4993
1705134,3184
2509293,4729
1567240,2938
1488926,2794
125296,213
289162,502
945258,1766
2043109,3810
2419406,4556
2039201,3801
2119007,3964
1242044,2330
2266083,4245
1943596,3647
1663295,3113
1375880,2568
1309838,2456
1365299,2552
1696308,3171
1018901,1888
1363315,2549
1226844,2298
1511683,2830
1859573,3478
760072,1399
1574264,2952
2492392,4696
2251582,4217
49585,88
2322383,4351
2398509,4506
614465,1145
1813197,3391
521153,976
1224296,2292
920932,1701
2464431,4642
1026162,1899
687769,1276
428831,787
2071416,3864
2341581,4388
1240334,2325
2583311,4878
420266,773
845921,1571
1017698,1885
109112,182
472452,867
1691090,3162
1517061,2840
969879,1813
1437139,2681
2557710,4840
2547219,4808
305111,536
165247,274
2578541,4869
2025153,3774
247932,415
1751084,3280
202678,338
963705,1805
1028463,1903
461075,847
152807,254
935732,1742
579352,1082
844526,1570
1436357,2678
240869,401
1231842,2308
2621150,4943
2012563,3755
1546115,2886
2604473,4921
1359770,2543
2424683,4565
1905883,3569
879760,1634
1817718,3400
1277678,2398
1489224,2795
1431636,2670
1750386,3277
1961753,3666
2531844,4775
56854,99
652972,1204
1013603,1879
2147545,4021
1015048,1883
816504,1499
1727232,3229
403915,741
2085211,3890
2415495,4546
1979083,3693
1739230,3252
1640334,3067
1552084,2902
118341,200
2083367,3888
581952,1087
2472638,4659
2584980,4881
998185,1856
719725,1334
2426395,4570
1143750,2128
2354740,4405
675283,1248
47344,83
375770,668
511428,951
157667,262
701443,1295
2446442,4610
408636,751
856563,1586
2535586,4785
851111,1577
876510,1628
1743756,3265
1749706,3276
286684,496
2624159,4949
1026933,1902
279966,479
1006406,1871
2358148,4414
243612,408
2117885,3960
712653,1319
50214,91
243304,407
197101,324
1917540,3594
704058,1300
402413,740
275338,468
2272654,4257
1720861,3216
1622407,3040
669659,1235
982689,1837
472332,866
2589121,4890
306658,542
128348,219
1617448,3029
408457,750
954924,1786
504981,931
2351276,4400
424202,778
1725515,3227
2039272,3802
1480841,2770
1567970,2942
2487916,4685
2201507,4110
342877,617
508927,945
561184,1053
1151483,2151
11043,25
964916,1807
265257,444
578869,1081
1294471,2430
853918,1585
548581,1028
280260,483
272280,460
2394802,4493
1181558,2209
44434,75
2345122,4393
2411453,4535
689488,1280
55339,98
1827071,3417
895443,1653
1065598,1968
1200479,2252
447759,825
981199,1832
1710643,3193
6629,14
1653637,3092
2228502,4169
2205259,4125
2584676,4880
2159290,4044
2646574,4995
1073396,1985
620741,1150
2110341,3944
902413,1669
690313,1281
1152594,2153
12812,27
1145003,2135
227799,375
84213,141
488551,896
750641,1376
1555531,2911
789548,1457
1175001,2193
2466899,4648
1559797,2921
1547747,2889
1191408,2228
817916,1503
2416290,4548
2976,3
1474480,2756
2176465,4070
2252217,4219
1298190,2440
2138793,4005
2152465,4032
828344,1528
707496,1309
1413434,2631
240447,399
1284016,2412
1085991,2009
2024111,3772
2061495,3848
252119,422
2508312,4726
601317,1122
917857,1693
1981621,3699
686362,1273
835353,1550
1760487,3297
944944,1765
612641,1142
1884816,3531
283468,491
2572690,4858
54040,96
2471527,4656
1654721,3094
2328701,4360
2069442,3858
437239,799
1328011,2496
642384,1184
1847613,3456
1352912,2535
170248,289
1233297,2313
2442597,4599
67134,113
1583566,2975
1921815,3601
2536943,4789
2110645,3945
1774409,3327
2139083,4008
152858,255
2502736,4719
1127274,2105
1658790,3101
363868,652
2203809,4115
104724,173
941279,1754
257710,433
476512,873
1592086,2983
470781,862
2787,2
285174,493
2523435,4763
2286189,4277
2030708,3786
2051372,3830
2172649,4065
464774,851
1900750,3557
1790158,3354
301047,527
1458854,2722
1423566,2650
1990901,3715
1468812,2743
1294425,2429
1056998,1949
2241806,4197
923325,1711
247794,414
2370740,4435
2218269,4150
1120091,2086
497196,912
705603,1302
441324,810
914508,1687
2609870,4931
2231930,4175
2625420,4951
2204961,4123
1606064,3009
1248029,2341
652121,1201
1977128,3686
1216387,2280
1981733,3700
2260788,4235
2403601,4519
687379,1275
2551641,4820
353820,631
2504147,4723
1363333,2550
318939,564
2012897,3757
164532,270
2360767,4420
2235414,4183
2091892,3908
638998,1175
1998055,3732
683427,1263
786415,1454
1519073,2844
200255,331
2160787,4046
800136,1478
185495,306
2087711,3895
941624,1757
963962,1806
558634,1048
2090015,3899
1224299,2293
639194,1177
491331,899
1107099,2046
112320,191
402377,739
1955706,3661
2595888,4904
2048686,3824
2169283,4061
1181550,2208
1109861,2052
2491620,4694
86365,143
1279939,2404
1220170,2284
798524,1475
1348335,2524
43530,72
1603364,3004
1232404,2311
682093,1256
1187949,2222
1366054,2554
2366006,4431
2388205,4479
831920,1542
2073205,3867
2461508,4636
1197233,2239
1080872,1998
2301393,4313
1942723,3646
1322839,2488
1675619,3142
570929,1068
1559165,2920
476765,876
686510,1274
1954032,3659
354091,632
2100684,3926
1161725,2168
1520166,2847
2582726,4876
2387961,4478
1637761,3063
1741099,3259
541870,1019
496631,910
2107198,3940
2041252,3807
1319449,2480
1439015,2684
1841531,3449
2092076,3909
155342,259
1149582,2147
568832,1064
1262753,2366
630153,1160
2216056,4144
2085613,3891
2266166,4246
2216856,4146
2043555,3812
1564649,2932
1750785,3279
2143870,4015
1259696,2358
2406150,4524
285031,492
380354,678
753663,1389
2055178,3836
1810074,3386
1358962,2542
2465236,4643
940264,1751
662412,1221
378857,675
1708281,3190
281729,485
706198,1305
1508625,2822
47312,82
2073766,3870
411396,757
716874,1329
1316671,2474
962098,1800
2640203,4982
956229,1789
779144,1437
941600,1756
962564,1804
1000192,1859
199769,328
912093,1683
1942005,3645
124810,212
483981,888
1862392,3487
900455,1664
1356239,2537
487949,895
1928597,3616
1195863,2237
2426539,4571
795665,1472
608538,1134
994838,1850
1124163,2095
512303,956
269689,450
1709921,3191
1997103,3731
383702,691
1567202,2937
1725009,3225
2557491,4838
1972040,3679
478176,878
1925969,3609
235789,389
2375964,4451
1498767,2811
131752,224
2333763,4371
627975,1157
1468972,2744
586694,1095
2550838,4819
1563429,2928
830370,1537
1272379,2383
199257,326
1144870,2132
1993625,3720
977533,1826
1328954,2497
1475543,2757
2035299,3790
2227804,4168
1176462,2197
1323848,2489
1267783,2374
2100574,3925
2032944,3787
1130133,2110
864172,1602
2417957,4553
1719610,3211
1255703,2349
769235,1422
1531344,2864
1751371,3281
547341,1027
493587,907
952381,1779
2457240,4628
987078,1844
1697790,3172
454519,836
516343,964
825779,1516
1310748,2459
782611,1448
524672,984
2062350,3850
1927703,3613
2014204,3759
726823,1345
2339981,4385
187322,307
1003143,1869
2247785,4208
382234,685
2416772,4549
2081709,3884
1739296,3253
2495043,4700
640464,1180
2280493,4267
1979787,3694
959020,1794
720436,1336
387262,702
1151461,2150
917008,1691
165374,276
1194759,2235
582315,1089
596550,1116
1682851,3148
1147370,2143
1125733,2099
356035,634
1262523,2363
1134379,2121
2397204,4501
1800320,3369
1154874,2158
1317871,2477
1850353,3463
2269039,4252
1540655,2881
1105158,2041
612653,1143
1824389,3415
2053984,3835
1410683,2625
2609677,4930
124699,211
1712930,3195
581893,1086
888617,1643
948572,1772
1517010,2839
2361804,4426
260616,438
290700,507
1430108,2664
174783,293
896927,1659
1641213,3069
1452454,2711
43177,71
57186,100
1643961,3072
924960,1717
754884,1391
1476383,2758
1183174,2213
219174,360
910059,1679
1497845,2808
1939431,3640
2023883,3771
2345098,4392
524295,981
1923216,3605
1516909,2837
1813272,3392
1570292,2946
469045,861
1792064,3357
2509644,4731
1777474,3335
250509,420
2398061,4503
1658172,3099
182445,302
838868,1559
1719990,3213
2495253,4701
263291,441
74320,124
2599262,4911
328212,588
2171089,4063
154669,258
1104997,2039
1394988,2597
642036,1182
2523426,4762
1560283,2922
1129687,2109
1085207,2006
197025,323
481049,885
1607747,3014
753231,1386
2040859,3806
2289956,4283
659285,1218
2512828,4740
1553659,2907
651625,1200
859380,1591
936928,1746
514829,959
1730537,3236
1531029,2862
1905498,3568
1442105,2690
1256816,2351
1710306,3192
2525160,4767
1646777,3081
2411531,4536
156622,261
1515113,2834
4905,9
1765734,3305
959443,1795
1322467,2487
1791124,3356
868881,1609
921783,1704
2204694,4121
869426,1611
256465,429
757456,1394
684220,1265
1899913,3554
688455,1279
2128219,3985
351213,629
2218826,4153
1084626,2004
2195071,4101
1551591,2898
962019,1799
610915,1138
444229,819
220512,363
1275275,2390
447836,826
1087416,2011
1571299,2948
1243196,2332
817464,1502
1150035,2148
1357786,2540
1147641,2144
1616135,3026
1943605,3648
270890,455
2450433,4615
1128164,2106
1119705,2085
2134425,3996
850678,1576
1683198,3149
1517590,2843
2249634,4212
165060,273
638020,1174
1196131,2238
1551980,2901
1803243,3375
1014412,1881
2640999,4986
566628,1061
1401233,2606
606249,1129
2512128,4738
1807245,3381
1571988,2950
2483371,4677
88283,147
388514,705
1158822,2166
570428,1065
823802,1513
527953,990
378348,673
2386059,4468
2374631,4443
2438440,4588
2633797,4968
1523671,2852
1024768,1897
236815,391
1492086,2800
1769920,3311
2011258,3753
922332,1705
2136927,4000
2398923,4509
1423063,2647
721590,1338
2065164,3854
728123,1347
2551686,4821
1452675,2713
1573228,2951
1050232,1941
2594995,4900
1621089,3039
2550506,4817
1528418,2858
2539101,4794
1890809,3541
1036350,1915
682970,1261
2625306,4950
637475,1173
1701632,3176
1449810,2705
2051278,3829
1287017,2413
936396,1745
973443,1820
1973503,3684
550365,1032
2051538,3831
812796,1493
2495474,4702
1478291,2762
1626727,3044
952582,1780
775171,1433
1132912,2116
2364551,4429
813424,1494
752094,1379
1263008,2368
1583631,2976
1268483,2376
1602339,3000
2538608,4793
863227,1600
1144950,2134
1880766,3524
2084213,3889
2213,1
2397061,4500
140498,240
432259,794
52352,94
940806,1753
1740987,3258
2176780,4071
1146632,2141
1067376,1971
1763979,3303
113369,193
201254,335
972616,1816
1306304,2453
577109,1077
1085488,2007
149575,247
1873315,3506
1830690,3426
1165236,2173
995497,1852
803137,1479
332079,597
532653,999
1315370,2471
1303244,2451
1371031,2561
2520834,4755
639089,1176
793892,1466
1000779,1861
1852784,3469
941431,1755
1655656,3095
2578830,4870
994370,1849
2055243,3837
706897,1308
793113,1464
2164729,4053
1647674,3082
320314,570
1937280,3635
1303306,2452
1327727,2494
2036365,3794
1223664,2290
2530108,4773
2098006,3920
2113596,3951
2337014,4378
743598,1370
2120303,3966
1312661,2465
234606,384
1746378,3271
258675,435
1650580,3089
829466,1534
1835142,3437
2240770,4195
150663,249
768176,1418
1454142,2715
1032165,1907
1168424,2178
2118885,3963
1902573,3562
1220185,2285
382633,686
1421913,2645
388643,707
487866,894
205023,341
1136740,2124
1446909,2700
940016,1750
2460025,4633
1018465,1887
1114141,2061
1147251,2142
458190,840
1973114,3682
2122850,3975
776905,1435
948447,1770
2513873,4742
2424335,4563
542006,1020
1831550,3429
1995052,3722
2148252,4024
502758,922
2334283,4373
612384,1141
1521272,2849
80354,137
806605,1486
2419242,4555
1095791,2027
2462919,4637
1269877,2378
95100,153
1862352,3486
462171,849
1502539,2816
1271040,2381
2263041,4239
1578281,2959
189814,312
2568756,4853
1841056,3448
1189210,2223
2241438,4196
1510806,2827
1955660,3660
1968862,3674
751829,1378
136058,230
1361167,2546
2283695,4272
2152856,4034
1505732,2820
992021,1846
1219733,2283
1784723,3345
554192,1043
1895929,3549
993550,1848
1148389,2146
716761,1328
205438,342
1115828,2070
2387919,4477
2246248,4206
2606685,4924
1797525,3366
1049142,1940
67900,115
1656130,3097
1439261,2685
1090319,2019
75976,130
972267,1815
2440182,4593
1079613,1995
1675183,3139
206272,343
1370666,2560
1293986,2428
2392770,4486
2497577,4709
795380,1470
1282217,2409
694620,1291
1517519,2842
1935592,3629
2133771,3995
2186505,4088
1104107,2037
525071,985
1896561,3550
2318762,4341
1629440,3049
961513,1798
1998128,3733
412604,761
478932,880
871675,1612
655385,1212
981753,1833
933819,1733
1444057,2693
2560469,4843
942513,1759
505713,934
1337293,2510
465497,853
1313129,2467
1704223,3181
892694,1649
33612,56
376600,669
111736,190
2640760,4985
2375169,4447
2555614,4831
1037924,1920
2442925,4601
1477153,2759
715542,1324
829075,1532
526361,989
1553270,2905
2487603,4682
1922925,3604
437586,801
2487809,4683
1008085,1874
442276,814
43729,73
672097,1240
433641,795
2553056,4826
958956,1793
1739440,3254
2437021,4586
1980663,3697
1906026,3570
2485865,4680
977932,1828
104462,172
1689683,3160
1457134,2719
685565,1270
853135,1582
1111943,2058
531125,997
608234,1132
2554942,4829
507498,938
1238184,2319
433651,796
312937,553
431067,791
1743381,3264
2377061,4455
1464315,2736
1349717,2528
387106,701
1848170,3457
1483664,2777
2580072,4871
2120968,3969
46650,81
1437853,2682
570909,1067
1085738,2008
1199475,2248
2107839,3942
1978543,3692
1048629,1938
1312066,2461
1917470,3593
1381552,2573
230112,378
2536114,4787
1093671,2024
2386443,4469
2186820,4089
1995860,3725
95146,154
1857889,3476
2328511,4359
2474804,4665
2425137,4567
169281,286
651541,1199
2295501,4297
1800459,3370
2519299,4749
452667,831
682688,1258
2413595,4543
249029,418
2607155,4926
1916555,3592
1340377,2513
1737862,3248
1902609,3563
554171,1042
748141,1375
752853,1382
214501,355
1714116,3196
1348456,2525
911828,1682
1425723,2657
608114,1131
1410753,2626
2089599,3896
253275,423
920065,1697
320856,571
1902417,3561
665996,1229
670416,1237
1686134,3156
2532100,4776
2130244,3989
45392,79
1438031,2683
761476,1406
1333494,2505
566016,1060
560579,1051
761998,1407
2294110,4293
1174079,2190
1581343,2970
2496042,4704
1855590,3475
976385,1825
1513550,2832
1740380,3257
2509695,4732
168892,284
1416034,2633
2061499,3849
1877868,3516
1511623,2829
1988375,3710
2445266,4604
165720,277
704117,1301
2125582,3979
1178938,2204
806188,1485
1197972,2242
1119020,2082
789014,1456
1470972,2749
650227,1195
1130380,2111
91234,150
1565851,2936
1109043,2050
1860673,3483
2569369,4855
2267322,4247
2008700,3749
2332058,4368
275282,467
58485,103
1370564,2559
1731009,3238
607188,1130
1553965,2908
2444240,4603
1153562,2154
2401136,4512
895935,1655
1116290,2075
385553,697
417746,770
2562900,4846
951798,1776
1184071,2215
1271816,2382
1747640,3273
1692069,3164
2387463,4472
26124,48
2205104,4124
2178729,4074
1580943,2968
319058,565
1066481,1970
2050590,3828
1292165,2425
1412213,2628
226048,371
1611417,3017
2408145,4531
64765,109
100712,164
2043149,3811
1458814,2721
1575939,2955
467182,858
151153,251
90900,149
279265,477
685687,1271
1892097,3545
827459,1525
942771,1762
498716,913
1829748,3423
271128,456
169054,285
1204323,2261
2590895,4893
2144655,4016
2077046,3877
1409829,2624
923103,1710
635056,1169
2412874,4540
1714874,3198
1500397,2813
2226510,4166
154591,257
2099446,3923
1888060,3538
198655,325
2033070,3788
1394516,2596
617390,1146
2380329,4459
366233,657
2244258,4202
2371144,4437
257923,434
349411,624
1065779,1969
1722514,3220
290182,504
170551,290
1719780,3212
1114884,2067
2563498,4847
2147527,4020
1198632,2244
838612,1557
2215076,4143
2375380,4448
478815,879
2204671,4120
2267735,4248
1428930,2661
651230,1198
1596469,2987
1664712,3119
761379,1405
232877,382
1538355,2877
2494071,4698
768876,1420
2046649,3819
611049,1139
978881,1829
1988735,3712
1288627,2418
2442028,4597
2089924,3898
2516525,4747
99844,162
2257323,4230
1064540,1964
670382,1236
1247452,2338
300435,525
1972112,3680
825831,1518
288420,501
2640278,4983
794215,1467
2595310,4902
655601,1213
1831361,3428
338723,609
2320177,4343
1067761,1972
1996893,3729
1292631,2426
1597178,2988
1026926,1901
2013504,3758
2506564,4724
2396765,4499
1000387,1860
1035000,1913
389391,709
390912,712
1605715,3008
1003874,1870
906574,1675
1289515,2419
214254,354
427186,783
1391586,2590
1633009,3056
864647,1604
2407994,4530
2137795,4002
674927,1245
758850,1396
1860298,3480
1770828,3314
1417705,2637
1082263,2001
773251,1428
360264,642
1054783,1945
1934293,3625
2144951,4017
2122285,3973
36478,59
1452669,2712
271355,458
2100834,3927
295708,515
1668072,3124
2165353,4054
466121,855
223043,366
2110107,3943
931475,1729
1418126,2638
878889,1632
1386737,2582
152063,253
42072,69
2545618,4805
1849620,3462
1266589,2371
2432848,4578
2005241,3746
1477154,2760
2270041,4254
1565175,2935
1692302,3166
1848938,3460
423990,777
315833,557
980292,1831
1110164,2054
2511278,4736
933837,1734
795473,1471
729393,1350
1442089,2689
2158747,4043
137602,233
1320402,2482
1432474,2673
1371238,2562
310101,546
606144,1128
290342,505
2017088,3761
1592816,2985
2455281,4624
2345454,4395
1121663,2088
49355,87
1321481,2485
922812,1707
1370506,2558
1232251,2310
555528,1046
2636781,4978
2059738,3847
895641,1654
1690559,3161
1775437,3331
2152273,4031
2129120,3987
688057,1277
2141089,4011
995925,1853
2018894,3763
1107588,2047
1133763,2120
507873,941
1123394,2093
2400645,4510
1224756,2294
1486851,2789
1835359,3438
2332377,4369
872924,1618
2284110,4274
844459,1569
2028737,3780
654401,1210
1782185,3341
1154027,2156
2548965,4810
534933,1003
364376,654
10679,22
2023416,3769
504051,924
1961161,3663
1617675,3030
592277,1107
1745107,3268
4597,8
2103047,3933
219888,362
1036836,1916
2433768,4582
1118120,2079
76916,132
2000237,3736
1855394,3474
579707,1083
325073,580
1273765,2385
2524669,4765
1325977,2491
16558,35
1758002,3295
1436780,2680
2305978,4317
2228750,4170
567705,1062
1432790,2674
465414,852
2247982,4209
2316429,4337
336847,607
2375687,4449
380236,677
1078800,1992
857132,1587
813594,1495
708047,1311
163893,268
536967,1005
466151,856
2577467,4866
1772362,3322
2115977,3958
2390609,4483
1239496,2323
828045,1527
876661,1629
8660,18
2412372,4538
57347,101
1215709,2279
908626,1677
7576,15
1986816,3707
2220732,4158
1728944,3233
2186920,4090
472734,868
1973951,3685
1204294,2260
2426964,4572
2057529,3842
426362,782
836050,1552
1038880,1921
2351580,4402
1580673,2967
2334757,4374
2592591,4895
2057611,3843
1935388,3628
1628484,3046
1418521,2640
1681124,3147
1611857,3018
1516936,2838
529687,991
2538567,4792
673187,1243
542848,1021
531630,998
75818,129
1698802,3173
2125852,3980
2178203,4073
2463441,4638
2125368,3978
1105686,2042
1584985,2977
1178332,2202
1024568,1896
977703,1827
2556523,4834
2405421,4522
200427,332
900096,1663
2006360,3747
270702,454
2296193,4301
2452430,4621
2283319,4270
1250802,2345
2177085,4072
2361318,4423
2427026,4573
348960,622
2449919,4614
1716427,3200
1334853,2508
2520933,4756
1392942,2593
625957,1156
1262628,2364
873478,1619
1484284,2781
867800,1607
1297031,2436
1789747,3353
112449,192
525666,987
1732841,3242
2523231,4761
356615,636
1616437,3027
1977209,3687
32902,54
1229656,2306
2020252,3765
1264009,2369
1116065,2071
2053910,3834
2360721,4419
852193,1581
1577480,2958
2171187,4064
1060658,1961
275600,469
1398256,2602
408645,752
218199,359
70893,119
505109,932
387633,704
2643193,4989
2350588,4399
2402136,4515
646765,1189
1793717,3359
584100,1092
1519692,2846
2540263,4797
694070,1290
1450883,2708
2597335,4907
1737974,3249
2438449,4589
2073563,3868
882322,1637
253434,424
1020745,1890
2395020,4494
256057,427
587590,1097
2311867,4324
510103,948
605082,1126
1199011,2247
485601,891
2239209,4191
1281478,2407
151004,250
378732,674
1835511,3439
90362,148
541557,1017
442963,816
1056238,1948
2330786,4365
1029833,1905
1788009,3348
1918750,3596
1515355,2835
1648316,3083
128311,218
1352747,2534
2024833,3773
1420020,2643
2354764,4406
144577,242
1265131,2370
2352972,4403
982661,1836
1799090,3368
2093105,3911
570681,1066
263031,440
1834394,3435
709905,1315
642551,1185
1025888,1898
692235,1287
164647,271
551489,1036
1127117,2104
1023470,1893
2198123,4106
518137,967
167447,281
1290593,2421
1865100,3492
1545694,2883
2136526,3998
1472689,2750
34669,57
1862272,3485
1002509,1865
934606,1736
2282041,4268
1720424,3215
480033,882
1470420,2748
1908051,3576
1909121,3579
1648992,3085
2105294,3936
1361614,2547
1017411,1884
2521994,4759
19930,39
1860025,3479
2001326,3739
714349,1321
505967,935
1567792,2941
2023200,3768
1548770,2891
1483838,2778
2327386,4357
1878798,3520
996461,1854
1058930,1956
1480807,2769
2534532,4779
2029858,3783
674065,1244
1878780,3519
248976,417
1233312,2314
1110479,2055
1769993,3313
610024,1137
1275794,2393
2557596,4839
2235166,4182
2207914,4133
1221563,2287
1640132,3065
2341871,4390
515436,960
679947,1255
1583424,2974
1550718,2896
2425260,4569
2320706,4346
1275703,2391
200177,330
350009,626
2381792,4461
303969,535
1145387,2136
1456579,2717
892254,1648
428688,786
1685548,3155
841432,1563
650771,1196
312695,552
723448,1341
2234535,4180
2274199,4258
2216150,4145
583086,1091
1069489,1976
50400,93
29815,51
1444177,2694
1534085,2872
19938,40
2398656,4507
1766524,3307
1058034,1954
374741,667
1313126,2466
1933447,3623
504401,926
2446246,4607
1644520,3073
1621025,3038
301086,528
1125075,2097
2167041,4056
301019,526
707528,1310
2634967,4973
1669420,3126
1795694,3363
2341389,4387
1385356,2578
1561134,2923
2480287,4669
600160,1121
2180413,4079
1388741,2588
453585,834
15737,32
2633357,4965
1850680,3464
779760,1440
1109700,2051
139297,239
1936617,3633
1242432,2331
716091,1325
2498427,4711
767816,1416
2245579,4205
76196,131
1230594,2307
1579371,2962
2179335,4075
997772,1855
2472537,4658
37188,60
1815614,3398
119287,201
1977959,3690
541295,1015
44734,77
1549174,2892
537732,1008
1900854,3558
1771516,3319
1752638,3282
693771,1289
1163123,2171
2565719,4849
2097995,3919
499718,916
507921,942
326121,582
1644680,3074
1492122,2801
360412,643
1068656,1974
1048939,1939
279960,478
731217,1352
2121379,3971
1358681,2541
2203244,4114
1551042,2897
2468881,4652
2559157,4841
1397022,2599
571538,1069
61472,106
2129174,3988
816549,1500
1225682,2295
2541939,4801
73103,123
484675,889
1679741,3146
234798,386
2179904,4078
873556,1620
2070937,3860
1906860,3572
2573701,4862
1645514,3078
2595747,4903
1749238,3274
2103029,3932
1980593,3696
1820960,3407
1423310,2649
190136,314
955706,1788
1649964,3087
1044851,1932
2233782,4179
516192,963
275687,470
1752856,3283
1407746,2617
2581672,4875
1746056,3270
2026928,3779
1750396,3278
1658953,3102
2571175,4857
295718,516
1833866,3433
724224,1342
1134816,2122
581199,1085
1153777,2155
1444489,2696
1929487,3617
438189,803
2374726,4444
1473666,2754
2610031,4932
282953,490
884944,1640
496887,911
2294328,4294
1315654,2472
2499019,4712
1427380,2659
709755,1314
732682,1358
1145956,2138
753195,1385
835847,1551
858814,1590
313419,554
1144771,2131
415672,767
1883721,3530
848872,1575
2205734,4127
1795018,3362
1666140,3121
711569,1317
2217988,4149
1660783,3107
701615,1296
1418477,2639
1267586,2373
851848,1580
1057513,1952
1081292,1999
1412898,2629
564403,1057
102028,169
2115962,3957
227076,372
1718527,3209
2002671,3742
1564978,2933
1387521,2585
596474,1115
192889,319
2391686,4484
440852,809
1739615,3255
2206502,4129
332923,601
479924,881
1330841,2500
1914525,3586
535671,1004
1339784,2512
246980,412
1416455,2635
868723,1608
189887,313
1885459,3533
2256454,4225
1090765,2020
1847522,3455
2432893,4579
273814,464
735636,1365
1514886,2833
2162676,4051
930113,1724
2474624,4664
415641,766
1074677,1987
1139937,2126
1126751,2103
760837,1402
656977,1214
1928290,3614
99400,161
633722,1165
1731658,3240
1208622,2269
1165121,2172
2441692,4596
2317703,4339
633570,1164
311027,549
1247506,2339
286783,497
1079964,1996
2429310,4576
1329779,2498
2406958,4526
641719,1181
2584252,4879
1797483,3365
1020195,1889
553202,1040
1013856,1880
2539735,4796
552107,1037
431487,793
1717675,3206
1755138,3288
1045053,1933
2508565,4727
2037890,3798
2338019,4380
1092521,2021
2465337,4645
520286,972
1111556,2057
1119113,2084
70483,118
5530,10
1756796,3292
2612104,4935
2645476,4992
1322233,2486
1243711,2333
2082864,3887
2181739,4081
2452906,4622
585968,1094
596995,1118
321089,573
1419103,2641
2413875,4544
1460897,2729
1865846,3495
790183,1460
271453,459
881355,1636
942007,1758
2151359,4028
2167214,4057
1385788,2580
847313,1573
1392598,2592
2291589,4289
1239121,2320
2613898,4936
2589029,4889
1071266,1977
783585,1449
735560,1364
992512,1847
181592,299
828654,1531
1571565,2949
2112141,3949
2338157,4381
1732840,3241
890669,1646
1106241,2043
299857,523
728171,1348
1312530,2463
653361,1206
2440605,4595
501420,918
1135948,2123
1059661,1958
1754537,3286
1172980,2187
1753201,3285
2210272,4138
1068988,1975
2040853,3805
2182722,4083
2608542,4929
3595,6
390062,711
129796,223
303643,533
1914553,3587
330922,595
414536,764
1715879,3199
1262403,2362
580231,1084
2082635,3886
859453,1592
2038196,3800
2536028,4786
2491575,4693
1262887,2367
1458868,2723
1667739,3123
2075584,3874
274191,466
2299517,4309
960983,1797
1586221,2978
422485,774
979155,1830
2604442,4920
1463219,2733
1132764,2115
1071510,1978
1527676,2857
1348610,2526
684108,1264
510834,950
1551926,2900
2482384,4673
1532220,2866
695091,1292
2477588,4667
2503583,4721
1393159,2594
1126555,2102
2376375,4453
291620,511
2557296,4837
717972,1332
1872926,3503
2567935,4851
1311888,2460
379499,676
427485,784
2420828,4560
2387672,4473
2358990,4416
1730699,3237
2620858,4942
946380,1767
2617170,4939
1424084,2653
1156403,2163
2403533,4518
1289999,2420
1077173,1989
1040475,1924
25049,47
2256731,4227
1677588,3145
1347528,2520
760211,1400
920168,1699
381828,682
826444,1521
1464011,2735
879912,1635
2048985,3826
653515,1207
2297074,4303
1855317,3473
2105883,3938
1094767,2025
2341658,4389
2080549,3883
212794,350
1662724,3111
2502336,4717
828349,1529
1510380,2826
2271702,4256
1190685,2225
122057,207
200734,333
940516,1752
1168143,2177
1428452,2660
224795,369
2135939,3997
2293836,4292
2138746,4003
134640,228
1851867,3467
1807166,3380
2100306,3924
1373956,2565
780253,1442
142492,241
2113709,3952
424513,779
1581139,2969
1266708,2372
2301246,4312
1521960,2851
2291306,4288
1706866,3186
217619,358
1964597,3669
2622843,4947
2264371,4242
74533,127
1601857,2998
194528,322
391012,713
2010849,3751
834131,1547
831151,1540
2036973,3796
1669465,3127
1961980,3667
2461433,4635
2071037,3861
2446506,4611
837258,1555
2457720,4629
1406473,2614
522710,979
1197388,2240
1574597,2953
2156165,4038
336595,606
2045846,3814
2446344,4609
2126168,3981
1357072,2538
1528604,2859
1891149,3543
1788180,3349
565075,1058
1567783,2940
2634182,4970
271346,457
621003,1151
1540779,2882
104237,171
245371,410
2207951,4134
473233,869
2085981,3892
1300036,2445
2118863,3962
392077,716
360005,641
764583,1412
1246893,2337
960137,1796
2318311,4340
110260,184
1670875,3130
2490423,4689
2263991,4240
27434,50
1742122,3262
2046124,3818
1617685,3031
763551,1411
2376801,4454
1467105,2741
2434632,4585
825353,1515
1553532,2906
2173152,4066
2534832,4780
2394024,4489
736013,1366
894232,1652
164016,269
2295922,4299
461070,846
872882,1617
1717534,3205
247446,413
1644686,3075
1675194,3140
632347,1162
84208,140
2614527,4938
2167703,4058
2510054,4734
1838480,3443
1470113,2746
216059,357
2468830,4651
2042985,3809
1181784,2211
1835080,3436
1545940,2885
282390,486
1766397,3306
95194,155
827240,1523
1720041,3214
1144671,2130
962151,1801
1937631,3637
748028,1374
2597802,4908
1022452,1891
280167,482
2472066,4657
1187757,2221
1621023,3037
2127496,3984
3458,5
138835,235
1658662,3100
1452396,2710
2036838,3795
772825,1427
2580792,4873
2330519,4363
639257,1178
1551751,2899
2438621,4590
1473641,2753
669635,1234
139006,236
2121765,3972
647111,1190
1979820,3695
1778011,3337
1372635,2564
372095,664
1486389,2784
383442,689
1045879,1934
2287125,4280
2644945,4990
1552874,2903
927849,1721
1176763,2198
1843168,3451
452873,832
2250261,4213
2400911,4511
337793,608
1580032,2965
1904865,3567
1854193,3470
1214125,2276
697054,1293
1908103,3577
889674,1644
581989,1088
1211016,2272
1755852,3291
2190100,4095
2329196,4362
1526365,2855
1171469,2183
838773,1558
1561960,2924
2314898,4327
1187457,2220
2472682,4661
867311,1606
1992636,3717
1769638,3310
1972929,3681
2195910,4103
2510551,4735
1299355,2442
1862911,3488
2580353,4872
1416190,2634
1760492,3298
973051,1818
2117432,3959
430648,790
183674,303
398194,730
1181111,2207
2349571,4397
1170093,2181
702403,1298
679869,1254
1365170,2551
2179550,4076
1937187,3634
632448,1163
2133714,3993
407314,747
2361743,4425
901684,1668
475253,872
1129340,2108
2322250,4349
1072585,1983
2297386,4305
1275089,2388
1122969,2091
2458372,4630
2241897,4198
1302968,2450
657606,1215
1226928,2299
1483639,2775
814740,1497
392651,718
1460630,2727
17691,36
2090850,3903
1580437,2966
970756,1814
690754,1283
1556617,2912
868990,1610
354269,633
2233293,4178
1190964,2227
2120912,3968
1809784,3385
2487127,4681
525945,988
1172177,2185
2470021,4655
500249,917
1486911,2790
21364,43
935060,1740
1193872,2232
2214251,4141
311070,550
97608,158
1500017,2812
1672386,3134
1145939,2137
1333911,2506
2296816,4302
2520506,4753
2132254,3991
752619,1380
2071383,3863
126216,216
1561964,2925
1442150,2691
116140,196
2156368,4039
2583202,4877
1546371,2887
289710,503
653059,1205
1867238,3497
1300582,2446
182203,301
2520364,4752
1926651,3610
1893120,3546
1057992,1953
377334,670
1889371,3539
445900,822
1204865,2262
372743,665
1771053,3315
133129,225
351328,630
931232,1726
634569,1168
1318289,2478
2206151,4128
582829,1090
1639792,3064
189443,311
2338809,4382
1486501,2785
790471,1463
2361556,4424
2577882,4868
345035,618
1262684,2365
2017112,3762
744875,1372
1674931,3137
1663467,3114
591207,1105
557502,1047
1175391,2194
2325040,4353
1556692,2913
1173570,2189
2540684,4798
361702,649
1210904,2271
2315404,4333
2646634,4996
2396324,4498
658645,1216
1993420,3718
549094,1030
2451020,4618
292335,512
830855,1538
1790903,3355
546802,1026
716649,1327
2465288,4644
832536,1543
193560,320
1937532,3636
1276983,2397
412805,762
1184388,2216
543824,1023
1967891,3673
1078333,1991
1995214,3724
1911845,3581
899799,1662
350266,628
1198962,2246
114130,194
1122364,2090
1380947,2572
10897,23
927240,1720
2331946,4367
2374451,4442
382138,683
1555081,2910
2111672,3947
2243515,4201
2572942,4859
770339,1426
115097,195
44490,76
459277,842
6206,13
324510,579
502274,921
633738,1166
1110906,2056
300074,524
389017,708
1990316,3713
2048858,3825
2482738,4675
2340228,4386
1125803,2100
2076358,3875
2137371,4001
799442,1476
705714,1304
2259174,4231
2496874,4708
2456635,4626
1771108,3316
1778955,3339
413855,763
182134,300
1851346,3465
533352,1000
492058,902
755163,1392
158086,263
1706645,3185
2206659,4130
2450942,4617
230211,379
1385580,2579
1532058,2865
1882992,3529
1287490,2414
411290,756
2222576,4163
798262,1473
896114,1656
933855,1735
329475,591
1877143,3513
760943,1404
1240865,2326
294040,513
2604057,4919
1563698,2929
1961675,3665
1331887,2501
2593317,4897
819314,1509
2223740,4164
1283137,2410
831103,1539
1532433,2869
50123,90
1119094,2083
42487,70
332698,600
972914,1817
1315827,2473
2205594,4126
374380,666
769162,1421
732775,1359
74427,125
1435891,2677
554587,1044
715339,1323
682739,1259
1531342,2863
898713,1661
511847,952
2556321,4833
914728,1688
814408,1496
763240,1410
2097277,3916
269474,449
234639,385
1993568,3719
1966687,3672
840419,1560
2232563,4177
1945809,3651
1645486,3077
1229372,2303
1716677,3201
2025577,3776
1995942,3727
2185614,4086
1728094,3232
1774452,3328
2444202,4602
1094850,2026
862040,1596
202114,337
1718526,3208
1233457,2315
1671947,3133
2449001,4613
1945567,3650
2237907,4185
96133,156
936307,1744
1267805,2375
2115908,3956
2393632,4488
1243789,2334
1486253,2783
1928445,3615
848193,1574
314110,555
1489566,2796
1919770,3599
2401585,4513
103619,170
1546549,2888
1961619,3664
832959,1545
1360042,2544
1912002,3582
1734270,3245
2412596,4539
2627394,4954
2284673,4275
1007545,1872
2636378,4975
828444,1530
302425,530
1412189,2627
315168,556
1374216,2567
107776,178
2283366,4271
1478444,2764
166980,279
2319282,4342
1501018,2814
1776870,3333
910339,1681
1757577,3294
1394012,2595
1449229,2703
1703544,3178
2647888,4998
916101,1690
509213,946
393966,720
1170335,2182
1600210,2996
2394704,4492
1133611,2119
666500,1230
8200,17
986794,1843
1978089,3691
1653320,3091
2222177,4162
2105602,3937
853893,1584
388609,706
2204563,4119
1907843,3575
2034589,3789
924765,1716
1071582,1979
2321519,4348
1686713,3158
879028,1633
1034831,1912
13432,28
385781,698
2610420,4934
915926,1689
2442131,4598
785931,1451
1241958,2329
2156630,4040
734347,1362
1216880,2281
2239360,4193
78846,134
722298,1339
340492,612
2151468,4029
2259898,4232
2242958,4199
1272479,2384
923703,1714
273945,465
1539697,2879
1347991,2522
477387,877
277223,472
1389360,2589
1034714,1911
310187,547
1501943,2815
1490642,2798
2290508,4285
1576028,2956
64996,110
2559537,4842
381625,681
1342357,2515
1088988,2015
2387734,4475
1675680,3143
1498236,2810
1429794,2663
1722054,3218
2059635,3845
1383642,2576
1822560,3409
861911,1595
935459,1741
1876574,3512
2373453,4441
700490,1294
948801,1773
586724,1096
1908523,3578
753596,1388
563585,1055
2162641,4050
1721623,3217
2264426,4243
1876520,3511
2568908,4854
466763,857
550777,1033
2072811,3865
1199611,2249
2311863,4323
962164,1802
1534677,2873
2217027,4147
364238,653
1563935,2930
2550711,4818
2386920,4471
588285,1099
32885,53
1882180,3528
538178,1010
872215,1614
1486829,2788
2424587,4564
931005,1725
533713,1001
2631950,4962
733887,1361
770268,1425
215948,356
2413320,4542
80683,139
164845,272
1306528,2454
66885,112
2633486,4966
2189638,4094
464571,850
1686270,3157
1704416,3183
1898907,3553
520507,974
93124,152
1808930,3383
767958,1417
